FirstName,LastName,PostalCode,TrackingNo,Address
สาภัคดา,วรเมธาธีรา,10600,,
ศิลินดา,กฤภัทรพงศ์,10600,,
มิภัคพร,สิรไกรภาณุ,10600,,
ศิภัคกุล,สิรโชติอนันต์,10600,,
กิวินชัย,ชยวัฒน์กิตติ,10600,,
กิภัคกุล,พลโชติกิตติ,10600,,
พารัตทร์,นภไกรพงศ์,10600,,
มิลินกุล,ชยกานต์มงคล,10600,,
มิรินรักษ์,ธรกานต์ศิริ,10600,,
พาสินทร์,วรโชติธีรา,10600,,
กิธินภา,ธรโชติอรุณ,10600,,
พารินภา,นภบูรณ์มงคล,10600,,
ศิธินรักษ์,วรไกรกิจ,10600,,
กิมินดา,พลกานต์ภาณุ,10600,,
นาวินดา,รชกานต์พงศ์,10600,,
ศิวินรักษ์,นภเรือนกิจ,10600,,
ลาธินกุล,ภรเดชอรุณ,10600,,
ศิมินนันท์,นภเรือนกิตติ,10700,,
สารัตรักษ์,รชเรือนอรุณ,10700,,
กิมินรักษ์,ธรวัฒน์กิตติ,10700,,
มิสินชัย,กฤวัฒน์มงคล,10700,,
ศิวินเทพ,รชบูรณ์ศิริ,10700,,
สาธีชัย,รชโชติวิชัย,10700,,
วีมินสิทธิ์,ชยเดชกิตติ,10700,,
ราธีสิทธิ์,รชไกรวิชัย,10700,,
กิภัคนันท์,ธรวัฒน์วิชัย,10700,,
สาลินสิทธิ์,พลกานต์อนันต์,10700,,
รารัตภา,ธรสิทธิ์กิจ,10700,,
วีรัตภา,ธรสิทธิ์ศิริ,10700,,
สารัตกุล,สิรเมธากิตติ,10700,,
นารินชัย,กฤกานต์พงศ์,10700,,
มิรินภา,สิรเดชพงศ์,10700,,
ลารินดา,พลเมธาศิริ,10700,,
สาสินนันท์,รชไกรพงศ์,10700,,
วีธีทร์,สิรกานต์มงคล,10700,,
วีสินภา,กฤเรือนกิตติ,10700,,
มิรินภา,ธรภัทรพงศ์,10700,,
วีมินกุล,ธรบูรณ์อนันต์,10700,,
กิภัคเทพ,ธรโชติภาณุ,10700,,
พาธีรักษ์,วรบูรณ์มงคล,10700,,
นาธินรักษ์,วรกานต์อรุณ,10700,,
รารัตเทพ,ชยไกรอนันต์,10700,,
รารัตภา,ศรวัฒน์ธีรา,10700,,
นาลินดา,ชยกานต์กิจ,10700,,
วีนันสิทธิ์,ธรบูรณ์อนันต์,10700,,
นารัตพร,พลวัฒน์มงคล,10700,,
ศิรัตภา,รชบูรณ์วิชัย,10700,,
ลามินรักษ์,ภรเรือนกิจ,10700,,
มิลินสิทธิ์,รชวัฒน์ธีรา,10700,,
มิภัคพร,วรเมธาอรุณ,10700,,
ลามินกุล,กฤเมธากิตติ,10700,,
ลารินพร,รชเดชวิชัย,10800,,
ศิภัคชัย,ชยภัทรอนันต์,10800,,
พาลินชัย,วรภัทรกิจ,10800,,
ศิรัตเทพ,ธรเรือนอรุณ,10800,,
ลานันสิทธิ์,รชเดชวิชัย,10800,,
นารินกุล,สิรไกรภาณุ,10800,,
ราลินนันท์,วรบูรณ์วิชัย,10800,,
มินันดา,นภเรือนธีรา,10800,,
พาธีดา,ชยกานต์กิจ,10800,,
สารัตนันท์,กฤสิทธิ์กิตติ,10800,,
วีมินทร์,สิรไกรพงศ์,10800,,
วีภัคพร,ศรไกรกิตติ,10800,,
ราสินสิทธิ์,สิรวัฒน์อนันต์,10800,,
ศิรินสิทธิ์,ภรโชติธีรา,10800,,
ราวินรักษ์,ภรเมธามงคล,10800,,
พาธินพร,รชบูรณ์กิจ,10800,,
ศินันกุล,กฤโชติภาณุ,10800,,
ทาสินเทพ,วรไกรศิริ,10800,,
รารินสิทธิ์,ภรเรือนอนันต์,10800,,
ลามินสิทธิ์,ภรเรือนกิจ,10800,,
ศิรินรักษ์,ภรเดชศิริ,10800,,
พาลินทร์,ภรเรือนอรุณ,10800,,
ทาธินสิทธิ์,วรเดชวิชัย,10800,,
สาธินนันท์,รชวัฒน์กิตติ,10800,,
ศิภัคเทพ,รชเรือนอรุณ,10800,,
วีรัตทร์,ภรไกรมงคล,10800,,
ลาสินภา,ภรไกรอรุณ,10800,,
รารินทร์,นภโชติพงศ์,10800,,
ลาภัคชัย,วรเดชธีรา,10800,,
มิธินกุล,กฤเดชภาณุ,10800,,
พานันสิทธิ์,สิรวัฒน์ศิริ,10800,,
วีวินทร์,ธรเรือนภาณุ,10800,,
ทารินรักษ์,รชภัทรกิตติ,10800,,
ลารัตดา,ธรเมธาอรุณ,10800,,
วีสินสิทธิ์,ภรเรือนศิริ,10900,,
สาธีเทพ,พลสิทธิ์ภาณุ,10900,,
ลามินชัย,ธรไกรอนันต์,10900,,
ทาธีพร,วรไกรพงศ์,10900,,
ราสินเทพ,ธรเรือนศิริ,10900,,
วีมินเทพ,ธรเรือนศิริ,10900,,
สาธินพร,ธรเดชศิริ,10900,,
ทาธินกุล,ศรภัทรกิจ,10900,,
กินันชัย,นภสิทธิ์ศิริ,10900,,
ลาสินทร์,ศรสิทธิ์พงศ์,10900,,
รารัตดา,ชยบูรณ์กิตติ,10900,,
พาลินเทพ,กฤไกรวิชัย,10900,,
วีธินภา,ธรเรือนวิชัย,10900,,
ลาลินทร์,ศรโชติกิจ,10900,,
สาธีพร,ศรโชติพงศ์,10900,,
พารินชัย,ภรภัทรภาณุ,10900,,
นานันนันท์,นภกานต์ศิริ,10900,,
มิภัคทร์,ธรกานต์ธีรา,10900,,
นาสินพร,ศรภัทรภาณุ,10900,,
มิรัตดา,กฤเรือนศิริ,10900,,
พาสินภา,ศรบูรณ์กิตติ,10900,,
สาลินชัย,ภรวัฒน์กิตติ,10900,,
นาธินสิทธิ์,ศรเมธาอรุณ,10900,,
ลารัตสิทธิ์,พลเมธามงคล,10900,,
ทาสินรักษ์,พลวัฒน์ธีรา,10900,,
วีมินดา,ธรเรือนกิตติ,10900,,
นารินพร,ธรไกรมงคล,10900,,
สาธีสิทธิ์,พลบูรณ์อนันต์,10900,,
นาวินชัย,นภกานต์ธีรา,10900,,
ทารัตเทพ,กฤเรือนกิจ,10900,,
ราธีกุล,ชยไกรภาณุ,10900,,
มิรินภา,รชสิทธิ์อรุณ,10900,,
รานันนันท์,ชยกานต์ภาณุ,10900,,
พารินสิทธิ์,รชภัทรธีรา,10900,,
มินันรักษ์,ชยกานต์ภาณุ,11000,,
ลานันสิทธิ์,กฤโชติพงศ์,11000,,
พาสินชัย,รชวัฒน์อนันต์,11000,,
ทารินสิทธิ์,สิรภัทรอนันต์,11000,,
ลานันนันท์,นภสิทธิ์ศิริ,11000,,
ลานันรักษ์,ศรไกรพงศ์,11000,,
กิลินเทพ,ธรโชติพงศ์,11000,,
สาภัคพร,นภกานต์กิจ,11000,,
ทานันชัย,รชเมธาวิชัย,11000,,
ทาสินรักษ์,พลภัทรกิจ,11000,,
วีนันภา,ศรเดชธีรา,11000,,
นาลินนันท์,ชยกานต์ภาณุ,11000,,
นามินสิทธิ์,นภโชติมงคล,11000,,
ลานันชัย,ชยสิทธิ์วิชัย,11000,,
ศินันนันท์,ภรภัทรธีรา,11000,,
วีรินชัย,ภรภัทรวิชัย,11150,,
กิรัตเทพ,ภรสิทธิ์กิตติ,11150,,
นารัตภา,รชเดชอรุณ,11150,,
ศิรินเทพ,กฤเดชอนันต์,11150,,
ราธินพร,วรโชติอรุณ,11150,,
สาธินพร,ชยบูรณ์ธีรา,11150,,
ทาธีทร์,ชยสิทธิ์มงคล,11150,,
พารัตเทพ,นภกานต์อรุณ,11150,,
รามินรักษ์,นภภัทรกิจ,11150,,
รามินเทพ,ชยบูรณ์อนันต์,11150,,
ลาสินพร,สิรเมธาอรุณ,11150,,
ศินันสิทธิ์,ชยเมธามงคล,11150,,
พารัตพร,ศรโชติภาณุ,11150,,
นารินดา,สิรเมธากิตติ,11150,,
ทารัตสิทธิ์,พลเมธาศิริ,11150,,
สาธีกุล,วรเดชศิริ,11150,,
พารินพร,ธรภัทรอรุณ,11150,,
กิธินทร์,รชวัฒน์มงคล,11150,,
พามินนันท์,ธรวัฒน์ธีรา,11150,,
นาธีดา,ชยภัทรกิจ,11150,,
ลาวินกุล,วรโชติวิชัย,11150,,
สามินนันท์,ชยสิทธิ์พงศ์,11150,,
พาธีรักษ์,ธรเมธาศิริ,11150,,
ศิธินกุล,ภรบูรณ์ภาณุ,11150,,
พาสินรักษ์,กฤวัฒน์ธีรา,11150,,
สาธินพร,ภรสิทธิ์ศิริ,11150,,
กิสินกุล,ศรวัฒน์พงศ์,11150,,
สานันกุล,ศรเมธาศิริ,11150,,
พาภัคชัย,ธรภัทรมงคล,11150,,
รารัตภา,วรบูรณ์พงศ์,11150,,
กิมินกุล,ศรสิทธิ์ธีรา,12000,,
ราสินดา,นภเดชวิชัย,12000,,
ศิรัตทร์,ธรไกรกิตติ,12000,,
พาธินเทพ,ธรโชติกิตติ,12000,,
วีรินพร,ศรไกรวิชัย,12000,,
วีธินภา,ชยไกรศิริ,12000,,
ราธีรักษ์,กฤกานต์กิตติ,12000,,
นาวินพร,กฤกานต์อนันต์,12000,,
สาลินทร์,สิรเดชกิจ,12000,,
มิลินกุล,ธรภัทรศิริ,12000,,
สาสินกุล,นภไกรมงคล,12000,,
นามินดา,นภโชติภาณุ,12000,,
กิธีรักษ์,พลสิทธิ์วิชัย,12000,,
ทาธินเทพ,รชไกรธีรา,12000,,
ลาธินเทพ,นภบูรณ์ธีรา,12000,,
รารินชัย,ธรเดชศิริ,12000,,
ลาสินสิทธิ์,ศรไกรอรุณ,12000,,
กิรัตทร์,ธรไกรอรุณ,12000,,
ศิธินทร์,กฤไกรภาณุ,12000,,
ทาธีชัย,พลโชติภาณุ,12000,,
ศิวินพร,นภสิทธิ์อนันต์,12000,,
สารินเทพ,ภรบูรณ์ศิริ,12000,,
วีธินสิทธิ์,วรเมธากิตติ,12000,,
ศิรินพร,ภรสิทธิ์ภาณุ,12000,,
ทารัตเทพ,กฤวัฒน์กิจ,12000,,
ศิรัตทร์,พลวัฒน์อนันต์,12000,,
ศินันรักษ์,พลสิทธิ์อรุณ,12000,,
วีธินเทพ,กฤเดชพงศ์,12000,,
วีนันทร์,ธรภัทรอนันต์,12000,,
ลานันรักษ์,ธรกานต์อรุณ,12000,,
ศิรินภา,ภรบูรณ์อรุณ,12000,,
นาวินพร,นภไกรอนันต์,12000,,
วีรัตนันท์,พลไกรอรุณ,12000,,
มินันสิทธิ์,พลสิทธิ์ภาณุ,12000,,
สาภัคภา,ธรบูรณ์กิตติ,12110,,
วีภัคสิทธิ์,กฤวัฒน์มงคล,12110,,
ราธินเทพ,วรไกรมงคล,12110,,
ลารัตชัย,สิรภัทรศิริ,12110,,
พาภัคภา,ชยสิทธิ์กิตติ,12110,,
นาธีพร,วรกานต์วิชัย,12110,,
รามินชัย,พลกานต์อนันต์,12110,,
พาสินภา,รชโชติกิจ,12110,,
นาวินนันท์,วรโชติภาณุ,12110,,
ลาสินภา,กฤกานต์อนันต์,12110,,
กิรินทร์,นภบูรณ์วิชัย,12110,,
ศิธินพร,ศรไกรอนันต์,12110,,
ทารินดา,ชยภัทรพงศ์,12110,,
ลาธีดา,วรโชติกิจ,12110,,
ลาลินสิทธิ์,ชยเดชภาณุ,12110,,
พานันสิทธิ์,สิรเมธากิตติ,12110,,
นาธินเทพ,ศรภัทรศิริ,12110,,
ทารัตกุล,พลวัฒน์วิชัย,12110,,
วีมินชัย,ชยเมธาภาณุ,12110,,
สาภัคกุล,วรวัฒน์ศิริ,12110,,
รารินดา,นภเมธาพงศ์,12110,,
ทาลินพร,กฤสิทธิ์กิตติ,12110,,
มิรินเทพ,วรสิทธิ์มงคล,12110,,
มิภัคนันท์,กฤกานต์ภาณุ,12110,,
รานันดา,วรไกรพงศ์,12110,,
รารัตชัย,วรเรือนธีรา,12110,,
มิมินชัย,สิรบูรณ์อรุณ,12110,,
พาวินกุล,วรกานต์พงศ์,12110,,
มิสินกุล,นภโชติภาณุ,12110,,
สาภัคสิทธิ์,รชสิทธิ์ศิริ,12110,,
กิธีนันท์,รชเมธากิจ,12110,,
มิวินพร,ภรบูรณ์พงศ์,12110,,
ลาภัคสิทธิ์,กฤเดชอรุณ,12110,,
มิรัตสิทธิ์,รชกานต์กิตติ,12110,,
ราวินดา,พลกานต์อรุณ,12120,,
รารัตเทพ,ศรเดชอรุณ,12120,,
มิภัคนันท์,รชสิทธิ์ศิริ,12120,,
ศิลินสิทธิ์,รชเรือนธีรา,12120,,
พาภัคนันท์,รชสิทธิ์วิชัย,12120,,
นารัตทร์,รชวัฒน์ภาณุ,12120,,
ทาลินพร,ภรเมธาอนันต์,12120,,
มิรัตดา,ศรเดชภาณุ,12120,,
วีธีสิทธิ์,ชยบูรณ์มงคล,12120,,
สาลินชัย,นภเรือนพงศ์,12120,,
วีวินรักษ์,ภรเดชพงศ์,12120,,
สารัตทร์,วรเดชมงคล,12120,,
ทารินชัย,สิรบูรณ์มงคล,12120,,
กิธินเทพ,พลเรือนอนันต์,12120,,
ลาสินนันท์,พลไกรภาณุ,12120,,
รามินพร,กฤไกรอรุณ,12120,,
พาธีพร,นภเดชกิตติ,12120,,
นารัตสิทธิ์,กฤโชติพงศ์,12120,,
พาสินเทพ,นภวัฒน์อนันต์,12120,,
มิธินชัย,พลสิทธิ์ภาณุ,12120,,
ทามินรักษ์,ศรเรือนอรุณ,12120,,
ราวินสิทธิ์,รชเดชภาณุ,12120,,
พาลินดา,สิรโชติพงศ์,12120,,
มิวินนันท์,ภรโชติกิจ,12120,,
พามินกุล,ชยภัทรอรุณ,12120,,
ลาสินชัย,ธรเรือนศิริ,12120,,
กิรินภา,สิรวัฒน์พงศ์,12120,,
ราธีนันท์,สิรเดชอรุณ,12120,,
รารินพร,กฤสิทธิ์ศิริ,12120,,
สาธินชัย,ภรโชติอรุณ,12120,,
รารินรักษ์,ภรเดชธีรา,12120,,
ศิรินนันท์,ธรบูรณ์มงคล,12120,,
ศิรินชัย,ศรภัทรอรุณ,12120,,
พาภัคดา,วรบูรณ์ธีรา,12120,,
วีสินนันท์,รชกานต์ศิริ,12130,,
วีสินภา,วรเมธากิจ,12130,,
ลาลินกุล,ธรวัฒน์กิจ,12130,,
ลาสินภา,ชยไกรกิตติ,12130,,
ทาธีดา,รชเดชมงคล,12130,,
ราลินเทพ,ชยบูรณ์ศิริ,12130,,
สานันภา,ธรกานต์อนันต์,12130,,
พาภัคชัย,ชยบูรณ์วิชัย,12130,,
ทาลินพร,ชยภัทรวิชัย,12130,,
ทามินรักษ์,รชสิทธิ์ธีรา,12130,,
ลารัตพร,รชภัทรอรุณ,12130,,
นานันนันท์,สิรกานต์อรุณ,12130,,
พาสินรักษ์,ชยเรือนอรุณ,12130,,
มิลินภา,พลวัฒน์กิจ,12130,,
ลามินนันท์,ภรโชติมงคล,12130,,
พาภัคทร์,สิรภัทรอนันต์,12130,,
วีรัตรักษ์,พลไกรพงศ์,12130,,
วีสินรักษ์,ธรเรือนอนันต์,12130,,
มิธินภา,ภรไกรศิริ,12130,,
กิธีพร,ธรบูรณ์กิตติ,12130,,
พาวินพร,นภสิทธิ์มงคล,12130,,
พารินทร์,ชยภัทรกิจ,12130,,
พารินทร์,สิรโชติมงคล,12130,,
สานันพร,ธรวัฒน์ธีรา,12130,,
กิธินกุล,วรเดชอรุณ,12130,,
ทามินรักษ์,ศรโชติธีรา,12130,,
ราธีทร์,ธรวัฒน์อรุณ,12130,,
กิธินรักษ์,ภรภัทรมงคล,12130,,
กิภัคเทพ,ชยกานต์วิชัย,12130,,
วีสินดา,ภรโชติภาณุ,12130,,
สาภัคทร์,พลวัฒน์ศิริ,12130,,
กิรินรักษ์,สิรเดชภาณุ,12130,,
ลารัตกุล,ธรโชติอนันต์,12130,,
นารินเทพ,ศรเมธากิตติ,12130,,
กิธีนันท์,วรวัฒน์กิจ,12140,,
พาภัคสิทธิ์,ชยสิทธิ์มงคล,12140,,
นาสินนันท์,รชบูรณ์ภาณุ,12140,,
กิธีพร,วรภัทรกิตติ,12140,,
กิธินเทพ,กฤภัทรมงคล,12140,,
นาสินนันท์,ชยกานต์อนันต์,12140,,
ลารัตสิทธิ์,วรวัฒน์กิจ,12140,,
ศิวินทร์,กฤเดชศิริ,12140,,
นาวินนันท์,วรเดชภาณุ,12140,,
มิธีนันท์,นภบูรณ์ศิริ,12140,,
กิลินรักษ์,ชยเรือนวิชัย,12140,,
ศิวินเทพ,ชยเมธากิจ,12140,,
สาวินดา,วรสิทธิ์พงศ์,12140,,
พารินดา,ศรภัทรธีรา,12140,,
วีธินดา,พลบูรณ์อรุณ,12140,,
ลาสินภา,นภบูรณ์ศิริ,12140,,
พาภัคชัย,รชภัทรอรุณ,12140,,
วีรัตนันท์,วรสิทธิ์ภาณุ,12140,,
พาธินเทพ,พลไกรวิชัย,12140,,
กิธีสิทธิ์,ชยไกรมงคล,12140,,
พารินภา,กฤเมธาธีรา,12140,,
รารัตนันท์,รชสิทธิ์วิชัย,12140,,
นาลินรักษ์,ชยกานต์ธีรา,12140,,
กิลินกุล,สิรเดชอนันต์,12140,,
นาสินนันท์,พลโชติศิริ,12140,,
กินันทร์,กฤเมธาพงศ์,12140,,
ลารัตกุล,ภรสิทธิ์กิตติ,12140,,
ลาสินรักษ์,สิรวัฒน์กิจ,12140,,
พาสินทร์,วรเรือนภาณุ,12140,,
วีรัตชัย,นภบูรณ์ธีรา,12140,,
ทารัตสิทธิ์,พลเดชศิริ,12140,,
รารินกุล,นภวัฒน์กิจ,12140,,
สาลินเทพ,รชเรือนกิจ,12140,,
สามินดา,วรบูรณ์ธีรา,12140,,
รานันดา,สิรบูรณ์กิตติ,12150,,
สารินดา,พลเดชอรุณ,12150,,
พาธินทร์,ชยเรือนศิริ,12150,,
กิลินกุล,ธรบูรณ์กิตติ,12150,,
ลาธินดา,นภไกรมงคล,12150,,
วีสินนันท์,ชยเดชกิตติ,12150,,
ทารินภา,นภเมธาธีรา,12150,,
กินันทร์,นภเมธากิตติ,12150,,
สารินรักษ์,พลไกรวิชัย,12150,,
ราสินทร์,ภรโชติกิตติ,12150,,
มิธีชัย,ภรเรือนภาณุ,12150,,
สารัตทร์,พลเดชธีรา,12150,,
กิธีนันท์,สิรภัทรธีรา,12150,,
รามินกุล,ศรไกรภาณุ,12150,,
พารินกุล,วรสิทธิ์อนันต์,12150,,
รานันชัย,รชภัทรวิชัย,12150,,
นาสินพร,ภรกานต์ภาณุ,12150,,
มิลินชัย,รชบูรณ์มงคล,12150,,
มิมินกุล,ศรวัฒน์อรุณ,12150,,
พารัตพร,ธรเรือนศิริ,12150,,
ลาภัคเทพ,กฤไกรอรุณ,12150,,
มิสินกุล,ชยโชติกิตติ,12150,,
กิลินนันท์,รชสิทธิ์กิตติ,12150,,
นารินภา,ธรวัฒน์มงคล,12150,,
วีธินพร,ธรภัทรกิตติ,12150,,
ลารัตรักษ์,นภบูรณ์มงคล,12150,,
นาภัคเทพ,กฤวัฒน์ภาณุ,12150,,
พามินดา,วรเรือนศิริ,12150,,
สาภัคกุล,สิรสิทธิ์อนันต์,12150,,
พาธินรักษ์,สิรไกรอรุณ,12150,,
ลาวินดา,ธรกานต์ภาณุ,12150,,
มิวินเทพ,วรโชติวิชัย,12150,,
พาสินภา,พลภัทรภาณุ,12150,,
นาธินรักษ์,นภเรือนศิริ,12150,,
วีรินพร,ภรเดชอรุณ,12160,,
สารินดา,นภภัทรกิตติ,12160,,
พานันกุล,ชยวัฒน์กิตติ,12160,,
ลาภัคดา,กฤภัทรธีรา,12160,,
มิลินชัย,ชยโชติมงคล,12160,,
กิลินทร์,ภรวัฒน์พงศ์,12160,,
พารัตชัย,ธรกานต์กิจ,12160,,
วีรินชัย,กฤเมธามงคล,12160,,
รารินนันท์,รชเดชศิริ,12160,,
ทาธีทร์,ภรไกรพงศ์,12160,,
พาวินเทพ,สิรวัฒน์มงคล,12160,,
กิมินเทพ,สิรไกรธีรา,12160,,
กิธีเทพ,สิรเมธากิตติ,12160,,
มิธีทร์,ศรเรือนศิริ,12160,,
ลามินนันท์,ศรไกรอนันต์,12160,,
สารินเทพ,ชยกานต์มงคล,12160,,
กินันสิทธิ์,พลเดชกิตติ,12160,,
วีรัตชัย,วรโชติวิชัย,12160,,
นาธีพร,ชยวัฒน์มงคล,12160,,
วีธินดา,กฤเรือนวิชัย,12160,,
วีภัคชัย,ชยเรือนมงคล,12160,,
ทาลินทร์,วรบูรณ์ภาณุ,12160,,
มินันภา,วรไกรอนันต์,12160,,
วีภัคพร,สิรเรือนกิจ,12160,,
ลาสินเทพ,ชยไกรศิริ,12160,,
ลารัตชัย,ภรภัทรกิตติ,12160,,
ศิธินพร,วรภัทรภาณุ,12160,,
นาสินกุล,ศรเดชมงคล,12160,,
ศิรัตชัย,ภรโชติศิริ,12160,,
วีธีเทพ,ภรเรือนภาณุ,12160,,
มิสินทร์,วรวัฒน์พงศ์,12160,,
วีธีนันท์,พลกานต์อรุณ,12160,,
นาธินทร์,ภรสิทธิ์ภาณุ,12160,,
สานันทร์,พลเรือนมงคล,12160,,
นาธินพร,สิรเมธาภาณุ,12170,,
ราธีนันท์,สิรภัทรศิริ,12170,,
ราสินนันท์,นภเดชวิชัย,12170,,
พามินทร์,พลโชติพงศ์,12170,,
ศินันทร์,วรเรือนอนันต์,12170,,
ราวินรักษ์,พลไกรอรุณ,12170,,
นาวินรักษ์,สิรเมธาภาณุ,12170,,
นาลินทร์,สิรภัทรกิจ,12170,,
ศิวินทร์,พลวัฒน์ภาณุ,12170,,
ลาธีภา,สิรวัฒน์ภาณุ,12170,,
ศินันพร,พลสิทธิ์อรุณ,12170,,
ราวินภา,ธรสิทธิ์มงคล,12170,,
ลาวินทร์,สิรเมธาวิชัย,12170,,
ทาธีเทพ,ภรกานต์ธีรา,12170,,
สานันเทพ,สิรวัฒน์ภาณุ,12170,,
วีธีสิทธิ์,ชยสิทธิ์อนันต์,12170,,
มิรินภา,วรโชติภาณุ,12170,,
สาธินชัย,ภรไกรกิจ,12170,,
มิธินรักษ์,วรโชติอนันต์,12170,,
พาวินทร์,ศรสิทธิ์อนันต์,12170,,
ลาสินสิทธิ์,ศรไกรอนันต์,12170,,
พาธีชัย,วรวัฒน์ธีรา,12170,,
สานันดา,ภรกานต์กิจ,12170,,
ศิรินชัย,พลเดชธีรา,12170,,
สารัตเทพ,วรเมธาศิริ,12170,,
สาลินดา,ธรภัทรภาณุ,12170,,
นาธินกุล,ธรไกรกิตติ,12170,,
ทาวินกุล,รชวัฒน์อนันต์,12170,,
กิลินนันท์,ภรเรือนมงคล,12170,,
พาภัคภา,ภรโชติศิริ,12170,,
ราธินเทพ,สิรไกรกิตติ,12170,,
ทาธีทร์,พลบูรณ์กิจ,12170,,
สาธีชัย,ธรไกรกิจ,12170,,
ศิธินรักษ์,ศรเมธากิตติ,12170,,
มิลินภา,วรสิทธิ์ศิริ,13160,,
นานันนันท์,พลสิทธิ์มงคล,13160,,
ทาวินดา,ภรสิทธิ์กิจ,13160,,
ศิภัคกุล,สิรภัทรศิริ,13160,,
พาวินนันท์,ชยเมธาธีรา,13160,,
ศินันนันท์,วรบูรณ์วิชัย,13160,,
สาธีกุล,พลเดชธีรา,13160,,
นาธินดา,ศรไกรอรุณ,13160,,
มิภัคเทพ,พลเดชพงศ์,13160,,
ลาภัคดา,รชสิทธิ์อนันต์,13160,,
กิภัครักษ์,ชยภัทรอรุณ,13160,,
ทาธินทร์,ภรวัฒน์ธีรา,13160,,
ทาธินกุล,ภรวัฒน์กิตติ,13160,,
รารัตกุล,สิรไกรอนันต์,13160,,
นาธินดา,ภรสิทธิ์ภาณุ,13160,,
นาธีเทพ,นภกานต์กิจ,13160,,
กิลินภา,พลเมธาอรุณ,13160,,
มินันรักษ์,ภรเมธากิตติ,13160,,
รานันกุล,ธรภัทรกิตติ,13160,,
พาธินทร์,พลภัทรวิชัย,13160,,
วีนันนันท์,วรกานต์ศิริ,13160,,
รามินรักษ์,พลบูรณ์วิชัย,13160,,
กิธีเทพ,กฤเมธาพงศ์,13160,,
มิภัคพร,กฤภัทรอรุณ,13160,,
ลาสินทร์,ชยโชติกิจ,13160,,
นารัตชัย,วรกานต์กิตติ,13160,,
มิธีเทพ,พลเรือนอนันต์,13160,,
พาธีชัย,ศรเรือนกิตติ,13160,,
นามินภา,พลกานต์พงศ์,13160,,
สารินชัย,วรไกรภาณุ,13160,,
ราธินชัย,สิรบูรณ์ศิริ,13160,,
กินันกุล,กฤโชติอรุณ,13160,,
ทาธินทร์,ศรเรือนมงคล,13160,,
พานันชัย,พลภัทรภาณุ,13170,,
ราธินทร์,ธรกานต์ภาณุ,13170,,
ทามินนันท์,ศรสิทธิ์อรุณ,13170,,
นารัตภา,กฤภัทรอรุณ,13170,,
ศิมินพร,วรเดชศิริ,13170,,
วีวินทร์,ศรเมธากิตติ,13170,,
ราธินชัย,สิรไกรอนันต์,13170,,
ศิสินสิทธิ์,นภวัฒน์กิตติ,13170,,
มิลินทร์,สิรไกรภาณุ,13170,,
รารินรักษ์,กฤบูรณ์วิชัย,13170,,
ลาลินดา,ศรเมธาภาณุ,13170,,
วีสินชัย,รชกานต์ศิริ,13170,,
มิภัคทร์,ธรเดชมงคล,13170,,
มิสินรักษ์,ภรสิทธิ์ภาณุ,13170,,
ศิภัครักษ์,พลโชติกิตติ,13170,,
ราวินทร์,ภรสิทธิ์มงคล,13170,,
วีลินกุล,ภรเมธากิจ,13170,,
นารินรักษ์,นภเดชธีรา,13170,,
ราวินกุล,สิรกานต์ธีรา,13170,,
ลาธินภา,ชยไกรมงคล,13170,,
ศิวินพร,ภรไกรมงคล,13170,,
นามินนันท์,ภรวัฒน์ศิริ,13170,,
ศิธีดา,กฤกานต์ธีรา,13170,,
สารัตกุล,ภรโชติศิริ,13170,,
กิวินชัย,สิรบูรณ์กิจ,13170,,
ทาสินพร,กฤบูรณ์มงคล,13170,,
พาลินเทพ,พลไกรอรุณ,13170,,
ทารินพร,พลสิทธิ์ภาณุ,13170,,
ทาลินเทพ,นภเรือนอรุณ,13170,,
ทาลินดา,นภเรือนพงศ์,13170,,
สารัตนันท์,พลสิทธิ์ศิริ,13170,,
รารัตดา,กฤสิทธิ์อนันต์,13170,,
สาธินกุล,รชไกรศิริ,13170,,
ทานันภา,นภภัทรศิริ,13180,,
กิรินชัย,สิรเรือนกิตติ,13180,,
ราธีรักษ์,ศรสิทธิ์ศิริ,13180,,
ทาธีชัย,กฤไกรศิริ,13180,,
นาภัคกุล,กฤบูรณ์มงคล,13180,,
ลานันภา,รชเมธากิจ,13180,,
วีธินเทพ,นภเมธาอรุณ,13180,,
มิธีชัย,ธรเรือนอนันต์,13180,,
ราลินนันท์,ศรเมธาอรุณ,13180,,
พาภัคทร์,สิรเมธากิจ,13180,,
ทาภัคดา,พลกานต์ภาณุ,13180,,
รารินทร์,นภกานต์ภาณุ,13180,,
มิภัคเทพ,ธรภัทรวิชัย,13180,,
สาธีกุล,กฤวัฒน์ศิริ,13180,,
วีลินสิทธิ์,ภรไกรกิตติ,13180,,
ศิธินภา,กฤโชติศิริ,13180,,
วีธินกุล,วรโชติมงคล,13180,,
นาภัคภา,ชยภัทรพงศ์,13180,,
สารัตดา,รชสิทธิ์ธีรา,13180,,
นารินทร์,ธรเดชกิตติ,13180,,
ทารัตภา,นภวัฒน์ธีรา,13180,,
ศิวินรักษ์,ภรภัทรศิริ,13180,,
ราวินดา,ชยกานต์ธีรา,13180,,
ทาภัคสิทธิ์,กฤกานต์ภาณุ,13180,,
รารัตนันท์,สิรสิทธิ์กิจ,13180,,
นาภัคนันท์,รชภัทรมงคล,13180,,
นารินสิทธิ์,รชบูรณ์อรุณ,13180,,
รามินเทพ,กฤวัฒน์ธีรา,13180,,
ศิมินภา,วรเรือนธีรา,13180,,
กินันดา,รชไกรธีรา,13180,,
นาลินทร์,พลเดชมงคล,13180,,
สาลินภา,รชสิทธิ์ศิริ,13180,,
กิมินเทพ,พลเดชพงศ์,13180,,
ศิธีดา,ธรกานต์มงคล,14000,,
รารัตดา,ศรสิทธิ์ศิริ,14000,,
ทาธินเทพ,ศรบูรณ์กิตติ,14000,,
ราวินดา,ศรเมธาศิริ,14000,,
ศิลินเทพ,ธรเรือนพงศ์,14000,,
นามินกุล,นภบูรณ์ภาณุ,14000,,
มิภัคทร์,วรไกรภาณุ,14000,,
นามินภา,นภสิทธิ์ภาณุ,14000,,
วีมินกุล,สิรสิทธิ์ภาณุ,14000,,
นามินดา,พลโชติภาณุ,14000,,
มิวินชัย,รชโชติภาณุ,14000,,
มิวินนันท์,รชเมธาพงศ์,14000,,
ราธินรักษ์,ธรไกรวิชัย,14000,,
ศิลินทร์,ศรวัฒน์มงคล,14000,,
ลาภัคพร,วรโชติมงคล,14000,,
ลารินสิทธิ์,พลวัฒน์กิตติ,14000,,
ราวินเทพ,ธรเมธาวิชัย,14000,,
ลาสินทร์,กฤบูรณ์อรุณ,14000,,
นามินรักษ์,สิรภัทรวิชัย,14000,,
ทามินภา,ชยเมธาอนันต์,14000,,
สาลินสิทธิ์,นภเดชธีรา,14000,,
วีนันรักษ์,ภรกานต์อนันต์,14000,,
กิภัคกุล,ศรสิทธิ์ธีรา,14000,,
วีมินสิทธิ์,กฤเมธาอนันต์,14000,,
ศิรัตรักษ์,ภรเรือนกิจ,14000,,
ทารินรักษ์,ชยไกรพงศ์,14000,,
วีนันเทพ,ธรเดชอนันต์,14000,,
สาวินรักษ์,รชโชติพงศ์,14000,,
นานันภา,ศรโชติธีรา,14000,,
ศิสินนันท์,สิรภัทรมงคล,14000,,
กิธีดา,พลเดชศิริ,14000,,
พารินกุล,รชโชติศิริ,14000,,
นาวินสิทธิ์,กฤวัฒน์ศิริ,14000,,
พารินชัย,ธรเรือนศิริ,14000,,
วีสินทร์,พลกานต์ภาณุ,15110,,
วีภัคชัย,ภรเมธาศิริ,15110,,
สารัตกุล,สิรไกรวิชัย,15110,,
กิธีพร,นภเมธากิจ,15110,,
ราวินกุล,วรวัฒน์กิตติ,15110,,
ทารัตพร,รชเดชอนันต์,15110,,
มิธินกุล,ภรวัฒน์ภาณุ,15110,,
นาภัคภา,วรสิทธิ์อนันต์,15110,,
ราภัคภา,พลโชติธีรา,15110,,
ราภัครักษ์,กฤกานต์พงศ์,15110,,
ราวินกุล,สิรบูรณ์มงคล,15110,,
ทาภัคเทพ,ธรไกรศิริ,15110,,
พาธีภา,รชโชติภาณุ,15110,,
พาภัคชัย,ชยภัทรศิริ,15110,,
ราสินกุล,นภเดชพงศ์,15110,,
วีลินสิทธิ์,วรวัฒน์ศิริ,15110,,
ทาวินชัย,ชยสิทธิ์อนันต์,15110,,
วีรัตชัย,นภโชติกิจ,15110,,
พามินรักษ์,ภรภัทรพงศ์,15110,,
กิรินสิทธิ์,กฤวัฒน์กิจ,15110,,
มิลินเทพ,ธรเดชธีรา,15110,,
สารัตภา,นภไกรวิชัย,15110,,
รานันรักษ์,ศรกานต์ภาณุ,15110,,
รามินพร,กฤเดชศิริ,15110,,
ลารัตดา,ชยโชติมงคล,15110,,
วีนันดา,สิรภัทรกิตติ,15110,,
พาภัคชัย,กฤวัฒน์กิจ,15110,,
กินันทร์,พลเดชภาณุ,15110,,
ราสินเทพ,วรวัฒน์ศิริ,15110,,
ราวินทร์,กฤไกรธีรา,15110,,
พาลินสิทธิ์,สิรเมธาภาณุ,15110,,
ทาลินดา,ภรสิทธิ์อรุณ,15110,,
ศิรัตกุล,พลเดชศิริ,15110,,
กิธีเทพ,สิรกานต์อนันต์,15110,,
วีนันเทพ,นภเรือนกิจ,16000,,
สานันนันท์,ภรเรือนวิชัย,16000,,
ลาวินสิทธิ์,พลเมธาอรุณ,16000,,
กิมินกุล,กฤภัทรมงคล,16000,,
กิมินเทพ,รชบูรณ์วิชัย,16000,,
สาวินสิทธิ์,วรภัทรกิตติ,16000,,
ศิภัคนันท์,กฤเรือนพงศ์,16000,,
มิธีรักษ์,สิรบูรณ์กิตติ,16000,,
ลานันกุล,ภรวัฒน์ธีรา,16000,,
ราสินนันท์,รชบูรณ์อรุณ,16000,,
ทานันดา,ธรโชติกิตติ,16000,,
ลาสินดา,สิรกานต์พงศ์,16000,,
ลาวินกุล,ธรวัฒน์วิชัย,16000,,
พาสินรักษ์,นภกานต์วิชัย,16000,,
สาสินดา,ชยกานต์ศิริ,16000,,
กิธีสิทธิ์,ธรบูรณ์วิชัย,16000,,
สาวินทร์,ศรกานต์อนันต์,16000,,
กิลินรักษ์,กฤเดชธีรา,16000,,
สาสินสิทธิ์,นภภัทรกิจ,16000,,
กิธีเทพ,ศรสิทธิ์ภาณุ,16000,,
พาสินรักษ์,ศรเรือนกิจ,16000,,
กิธินชัย,ธรไกรพงศ์,16000,,
กิวินสิทธิ์,นภภัทรภาณุ,16000,,
มิสินพร,ชยภัทรพงศ์,16000,,
สารัตภา,นภวัฒน์พงศ์,16000,,
วีภัคนันท์,วรวัฒน์ธีรา,16000,,
ทานันกุล,ธรโชติกิจ,16000,,
ศิธินกุล,ชยเรือนพงศ์,16000,,
วีมินพร,ภรโชติอนันต์,16000,,
ศิธินภา,ชยโชติกิตติ,16000,,
พาสินนันท์,ศรเมธาพงศ์,16000,,
ศิธินเทพ,พลเมธาอนันต์,16000,,
สาวินชัย,นภเมธาศิริ,16000,,
นารินกุล,รชไกรมงคล,16000,,
มิธีชัย,นภเดชธีรา,16110,,
ราธีนันท์,วรโชติวิชัย,16110,,
รารัตรักษ์,นภเรือนศิริ,16110,,
วีวินภา,กฤเมธาวิชัย,16110,,
พานันรักษ์,ธรวัฒน์กิจ,16110,,
ทามินชัย,ภรไกรธีรา,16110,,
สานันเทพ,กฤบูรณ์กิจ,16110,,
นามินรักษ์,วรไกรอนันต์,16110,,
กิภัคชัย,ภรโชติธีรา,16110,,
กิธีรักษ์,กฤโชติวิชัย,16110,,
ศิวินดา,ศรเรือนอรุณ,16110,,
สาธินสิทธิ์,ภรสิทธิ์กิตติ,16110,,
สามินดา,กฤบูรณ์มงคล,16110,,
พาภัคเทพ,ศรกานต์วิชัย,16110,,
พารินพร,ภรเมธาภาณุ,16110,,
ทาวินรักษ์,วรเดชศิริ,16110,,
วีวินเทพ,ศรไกรธีรา,16110,,
มิวินรักษ์,นภเดชกิตติ,16110,,
รารินสิทธิ์,รชโชติกิตติ,16110,,
มิสินชัย,กฤวัฒน์กิตติ,16110,,
รารินพร,สิรไกรภาณุ,16110,,
ทาภัคพร,รชกานต์วิชัย,16110,,
วีรินภา,ภรบูรณ์มงคล,16110,,
รารัตรักษ์,ศรโชติพงศ์,16110,,
รารัตเทพ,รชโชติภาณุ,16110,,
ศิภัคชัย,สิรเรือนพงศ์,16110,,
กิรินชัย,ศรไกรมงคล,16110,,
นาธีทร์,ศรเดชอนันต์,16110,,
พาธีเทพ,วรเดชศิริ,16110,,
ลาสินทร์,นภโชติวิชัย,16110,,
สาภัคชัย,นภภัทรกิตติ,16110,,
กิรินภา,ธรเดชศิริ,16110,,
ทาสินกุล,พลเมธาภาณุ,16110,,
สารัตกุล,นภวัฒน์ภาณุ,16110,,
ทาธีสิทธิ์,นภสิทธิ์มงคล,17110,,
ทาภัคทร์,พลเมธาอรุณ,17110,,
ลาธินสิทธิ์,วรสิทธิ์ศิริ,17110,,
กิรินภา,ชยกานต์กิจ,17110,,
รารัตพร,รชโชติภาณุ,17110,,
วีธีชัย,พลโชติศิริ,17110,,
สาสินชัย,ธรโชติอรุณ,17110,,
นาวินรักษ์,นภเดชกิจ,17110,,
นามินชัย,ศรวัฒน์ภาณุ,17110,,
รานันภา,นภโชติอรุณ,17110,,
มิธินดา,วรกานต์ศิริ,17110,,
ทารัตกุล,พลไกรพงศ์,17110,,
ทามินเทพ,พลกานต์กิจ,17110,,
ศิสินสิทธิ์,ชยไกรธีรา,17110,,
ลาลินเทพ,รชบูรณ์กิตติ,17110,,
นาวินภา,ศรเดชพงศ์,17110,,
ลานันรักษ์,ศรภัทรพงศ์,17110,,
ลาธินภา,วรเรือนพงศ์,17110,,
ลาสินกุล,ศรเดชอนันต์,17110,,
ทาลินภา,กฤโชติธีรา,17110,,
ทารินทร์,นภกานต์ธีรา,17110,,
ราธินทร์,ภรภัทรอรุณ,17110,,
พานันดา,วรสิทธิ์ศิริ,17110,,
วีภัครักษ์,สิรไกรภาณุ,17110,,
ทานันรักษ์,ศรไกรมงคล,17110,,
นาลินรักษ์,สิรบูรณ์อรุณ,17110,,
ทาธินชัย,วรโชติอรุณ,17110,,
รารินภา,ชยวัฒน์อนันต์,17110,,
มิรัตนันท์,ชยเดชศิริ,17110,,
พารินพร,พลเดชอรุณ,17110,,
ราภัคพร,พลภัทรภาณุ,17110,,
ราวินกุล,ภรวัฒน์ธีรา,17110,,
สาธีภา,พลสิทธิ์กิจ,17110,,
ราวินรักษ์,ศรเดชอนันต์,17110,,
สานันรักษ์,นภเมธาอนันต์,18000,,
สารัตภา,นภเรือนมงคล,18000,,
วีรินภา,ศรวัฒน์ศิริ,18000,,
พาธีกุล,วรวัฒน์มงคล,18000,,
ทาสินดา,รชไกรมงคล,18000,,
สารินทร์,ชยไกรพงศ์,18000,,
นามินรักษ์,สิรภัทรอรุณ,18000,,
สารินพร,วรสิทธิ์อนันต์,18000,,
ทาวินพร,ภรวัฒน์ศิริ,18000,,
รานันสิทธิ์,รชบูรณ์พงศ์,18000,,
ลาวินกุล,ชยเดชธีรา,18000,,
ลารัตสิทธิ์,นภเรือนพงศ์,18000,,
ศิธีทร์,ชยวัฒน์ศิริ,18000,,
กินันสิทธิ์,นภเดชมงคล,18000,,
รารัตชัย,รชเดชศิริ,18000,,
วีมินสิทธิ์,ชยวัฒน์อนันต์,18000,,
พาธินรักษ์,ธรบูรณ์อรุณ,18000,,
มิภัคนันท์,ธรเดชธีรา,18000,,
นาภัคสิทธิ์,รชเมธาธีรา,18000,,
ลาสินนันท์,ชยกานต์กิตติ,18000,,
สามินพร,รชไกรมงคล,18000,,
พารัตนันท์,นภเมธากิตติ,18000,,
กิรัตกุล,กฤกานต์มงคล,18000,,
สาธีเทพ,ศรสิทธิ์วิชัย,18000,,
ศินันกุล,วรเมธาอนันต์,18000,,
ลาภัคพร,วรวัฒน์ธีรา,18000,,
ราวินพร,รชโชติศิริ,18000,,
ทาธินภา,ศรโชติอนันต์,18000,,
พาลินนันท์,ชยกานต์อนันต์,18000,,
กินันเทพ,วรบูรณ์พงศ์,18000,,
สาธินดา,รชภัทรภาณุ,18000,,
มิธีสิทธิ์,ธรเมธาวิชัย,18000,,
ลานันดา,นภวัฒน์ศิริ,18000,,
วีภัคชัย,ภรโชติกิตติ,18000,,
ศิสินสิทธิ์,ธรสิทธิ์มงคล,18110,,
พานันภา,สิรโชติศิริ,18110,,
ลาธินภา,พลโชติอรุณ,18110,,
ทารินทร์,กฤเดชอนันต์,18110,,
ศินันกุล,พลไกรศิริ,18110,,
พาธินทร์,นภกานต์พงศ์,18110,,
นานันเทพ,พลโชติอนันต์,18110,,
ศิธินกุล,พลกานต์ธีรา,18110,,
กิลินดา,พลไกรมงคล,18110,,
รามินเทพ,นภบูรณ์ธีรา,18110,,
พาลินชัย,กฤไกรอรุณ,18110,,
ราวินทร์,วรสิทธิ์ศิริ,18110,,
ราลินภา,นภบูรณ์ภาณุ,18110,,
สารินทร์,ชยบูรณ์กิจ,18110,,
มิสินดา,พลวัฒน์มงคล,18110,,
พามินสิทธิ์,สิรเมธาศิริ,18110,,
ศิรัตชัย,ธรไกรมงคล,18110,,
มิรินดา,สิรเดชมงคล,18110,,
ลารัตรักษ์,รชสิทธิ์ธีรา,18110,,
ทาธินกุล,วรเรือนมงคล,18110,,
สามินชัย,นภภัทรพงศ์,18110,,
กิธินนันท์,นภเดชธีรา,18110,,
นามินกุล,กฤภัทรกิจ,18110,,
พารัตดา,ชยไกรกิจ,18110,,
ทาธีชัย,สิรสิทธิ์ภาณุ,18110,,
พาธินชัย,พลเมธาธีรา,18110,,
พาภัคสิทธิ์,วรเรือนวิชัย,18110,,
ราลินรักษ์,พลวัฒน์มงคล,18110,,
รามินเทพ,ศรวัฒน์กิตติ,18110,,
ทามินดา,วรวัฒน์ภาณุ,18110,,
มิรัตทร์,ภรไกรศิริ,18110,,
วีลินดา,ธรโชติกิจ,18110,,
ศิมินเทพ,วรสิทธิ์ภาณุ,18110,,
มิลินรักษ์,พลโชติกิตติ,18110,,
มิมินทร์,นภกานต์พงศ์,20110,,
สาภัคภา,ภรภัทรศิริ,20110,,
มิสินเทพ,กฤวัฒน์กิจ,20110,,
วีธินรักษ์,สิรสิทธิ์อนันต์,20110,,
ราภัคเทพ,พลโชติพงศ์,20110,,
ราธีภา,กฤสิทธิ์วิชัย,20110,,
ราธินชัย,สิรเดชภาณุ,20110,,
นาสินภา,กฤเดชกิตติ,20110,,
นาธีกุล,สิรกานต์ธีรา,20110,,
ศิภัคพร,รชโชติอนันต์,20110,,
สาภัครักษ์,นภเรือนศิริ,20110,,
กิรินรักษ์,สิรไกรธีรา,20110,,
สาวินดา,กฤภัทรภาณุ,20110,,
กิรินนันท์,ธรเรือนวิชัย,20110,,
พารัตชัย,ศรเมธาศิริ,20110,,
ลาธีทร์,ศรกานต์กิจ,20110,,
วีนันรักษ์,ชยเดชมงคล,20110,,
ศิลินชัย,กฤไกรมงคล,20110,,
ราธินเทพ,นภเรือนอรุณ,20110,,
นาลินรักษ์,ชยเดชมงคล,20110,,
พาสินนันท์,นภเมธามงคล,20110,,
สารัตสิทธิ์,กฤเดชอนันต์,20110,,
กินันรักษ์,กฤไกรกิจ,20110,,
ทาสินรักษ์,ธรเดชมงคล,20110,,
ศิสินรักษ์,ศรไกรอนันต์,20110,,
ศิวินชัย,พลเดชธีรา,20110,,
สาสินรักษ์,นภสิทธิ์มงคล,20110,,
มิวินทร์,นภโชติกิจ,20110,,
มิธินพร,ชยโชติธีรา,20110,,
วีมินเทพ,ธรบูรณ์ธีรา,20110,,
วีภัคชัย,ภรเมธากิตติ,20110,,
นาลินสิทธิ์,รชสิทธิ์อนันต์,20110,,
พาวินสิทธิ์,ภรบูรณ์พงศ์,20110,,
กิธินดา,รชเรือนอรุณ,20150,,
พารินสิทธิ์,กฤเรือนอนันต์,20150,,
นารินดา,ศรเมธาภาณุ,20150,,
นานันชัย,พลโชติอนันต์,20150,,
กิมินนันท์,ภรเรือนอรุณ,20150,,
พาวินเทพ,รชวัฒน์ภาณุ,20150,,
พานันเทพ,วรเรือนพงศ์,20150,,
ลาวินทร์,นภวัฒน์พงศ์,20150,,
พาภัครักษ์,กฤวัฒน์กิจ,20150,,
สารัตพร,ภรภัทรกิจ,20150,,
กินันดา,วรกานต์ศิริ,20150,,
พารัตนันท์,นภโชติพงศ์,20150,,
วีธินพร,กฤโชติพงศ์,20150,,
ทาสินเทพ,นภกานต์มงคล,20150,,
มิธินเทพ,กฤบูรณ์กิตติ,20150,,
วีลินรักษ์,กฤสิทธิ์ภาณุ,20150,,
กิลินกุล,พลไกรกิจ,20150,,
ลาลินทร์,ชยเรือนอนันต์,20150,,
สามินพร,รชสิทธิ์อนันต์,20150,,
นารัตดา,สิรเมธาธีรา,20150,,
ทาธีสิทธิ์,รชบูรณ์กิจ,20150,,
มิรัตทร์,นภโชติกิจ,20150,,
ทาธีดา,พลเมธาภาณุ,20150,,
กิรินนันท์,กฤเมธาภาณุ,20150,,
นาสินดา,รชโชติอรุณ,20150,,
ศิรินภา,รชวัฒน์ภาณุ,20150,,
ทารินพร,ชยวัฒน์ศิริ,20150,,
ศิรินกุล,วรสิทธิ์ศิริ,20150,,
สาภัคทร์,ภรโชติพงศ์,20150,,
กิธินดา,รชเดชอนันต์,20150,,
พาวินรักษ์,ธรเรือนวิชัย,20150,,
กิสินดา,สิรวัฒน์มงคล,20150,,
มิรัตดา,วรสิทธิ์อนันต์,20150,,
ทาวินกุล,นภเดชอรุณ,20160,,
ทาลินทร์,พลเดชอนันต์,20160,,
ศิวินภา,ศรเมธาอรุณ,20160,,
วีมินรักษ์,ธรโชติอนันต์,20160,,
มิธีกุล,รชเมธาภาณุ,20160,,
พารัตภา,ธรสิทธิ์อนันต์,20160,,
นาลินนันท์,วรเดชพงศ์,20160,,
ลารัตเทพ,ธรเรือนกิตติ,20160,,
มิวินชัย,ศรเมธาวิชัย,20160,,
กิลินภา,ภรไกรกิตติ,20160,,
รารินดา,ชยโชติวิชัย,20160,,
วีภัคพร,ธรโชติกิตติ,20160,,
นาภัคทร์,พลเดชกิจ,20160,,
กิรัตดา,วรเรือนกิตติ,20160,,
พาลินภา,กฤเดชศิริ,20160,,
สาธินภา,ศรภัทรมงคล,20160,,
ทาภัคกุล,พลบูรณ์ธีรา,20160,,
พาสินพร,รชกานต์อรุณ,20160,,
นานันสิทธิ์,วรสิทธิ์ธีรา,20160,,
กิธินเทพ,สิรบูรณ์ธีรา,20160,,
ทาภัคชัย,พลภัทรพงศ์,20160,,
ศิธินรักษ์,วรสิทธิ์อนันต์,20160,,
ราวินชัย,กฤเรือนกิตติ,20160,,
พาภัคเทพ,ธรสิทธิ์อรุณ,20160,,
ราภัคชัย,ธรไกรมงคล,20160,,
วีรินทร์,ภรเมธาศิริ,20160,,
กิมินพร,ภรโชติอรุณ,20160,,
มิวินดา,พลกานต์อรุณ,20160,,
มิธีพร,ชยวัฒน์มงคล,20160,,
ลาธินพร,สิรไกรพงศ์,20160,,
ราธีทร์,ศรภัทรกิตติ,20160,,
ราภัคเทพ,ชยวัฒน์พงศ์,20160,,
ศิภัคนันท์,นภกานต์มงคล,20160,,
ลาลินทร์,ชยภัทรอรุณ,20170,,
ศิรัตพร,กฤกานต์กิจ,20170,,
ราลินรักษ์,ธรภัทรพงศ์,20170,,
ศิลินทร์,รชเมธาอรุณ,20170,,
กิธีทร์,ภรเดชศิริ,20170,,
ราสินทร์,พลเดชกิจ,20170,,
ทาวินสิทธิ์,วรกานต์กิจ,20170,,
ทาวินรักษ์,นภโชติวิชัย,20170,,
สารินเทพ,ศรบูรณ์อรุณ,20170,,
มิรัตเทพ,สิรเรือนอรุณ,20170,,
ทาวินพร,ธรโชติมงคล,20170,,
กิสินภา,พลโชติมงคล,20170,,
ลามินกุล,ภรเรือนอนันต์,20170,,
มิรัตเทพ,สิรสิทธิ์พงศ์,20170,,
กิธินทร์,วรเรือนศิริ,20170,,
มิสินพร,รชโชติอนันต์,20170,,
ลาภัคดา,กฤวัฒน์กิตติ,20170,,
พาวินดา,กฤไกรอนันต์,20170,,
ทาธีกุล,สิรโชติภาณุ,20170,,
รานันชัย,รชบูรณ์ภาณุ,20170,,
มิวินพร,วรโชติกิตติ,20170,,
กิรัตสิทธิ์,สิรบูรณ์อนันต์,20170,,
ทารัตสิทธิ์,สิรเดชมงคล,20170,,
ราธีสิทธิ์,ธรวัฒน์กิตติ,20170,,
สาวินชัย,สิรบูรณ์มงคล,20170,,
ทานันสิทธิ์,ศรโชติพงศ์,20170,,
พามินภา,สิรกานต์อรุณ,20170,,
พานันรักษ์,วรโชติกิตติ,20170,,
ศิธินภา,ศรภัทรธีรา,20170,,
วีภัครักษ์,ธรภัทรกิตติ,20170,,
ลาธินพร,ภรภัทรอรุณ,20170,,
กิมินรักษ์,ชยกานต์อรุณ,20170,,
วีธินกุล,รชเมธาพงศ์,20170,,
วีรินสิทธิ์,นภโชติมงคล,20230,,
มิรัตชัย,ภรเมธาธีรา,20230,,
สาธีนันท์,ธรเดชศิริ,20230,,
นาภัคภา,ชยเดชกิตติ,20230,,
มิสินรักษ์,สิรโชติพงศ์,20230,,
นาภัคภา,พลบูรณ์มงคล,20230,,
ลาภัคนันท์,ชยไกรธีรา,20230,,
ราธีพร,ศรกานต์พงศ์,20230,,
ทาสินพร,นภโชติวิชัย,20230,,
พารัตพร,พลเรือนธีรา,20230,,
วีธีเทพ,วรโชติวิชัย,20230,,
มิภัคทร์,ชยเมธามงคล,20230,,
นาลินเทพ,วรไกรศิริ,20230,,
กินันกุล,วรเดชอรุณ,20230,,
มิธีชัย,ธรบูรณ์วิชัย,20230,,
มิธีพร,ชยบูรณ์มงคล,20230,,
ราภัคดา,ภรเมธาวิชัย,20230,,
พารัตภา,ธรกานต์กิจ,20230,,
ราภัคทร์,ธรสิทธิ์ภาณุ,20230,,
สาภัคดา,วรเดชศิริ,20230,,
มิรัตเทพ,ชยเมธากิจ,20230,,
กิรัตเทพ,นภเมธาอนันต์,20230,,
กิมินเทพ,วรไกรศิริ,20230,,
มิธินพร,รชไกรกิจ,20230,,
มิภัคดา,วรวัฒน์อรุณ,20230,,
กิสินสิทธิ์,กฤเมธาอนันต์,20230,,
ทาภัคชัย,ธรโชติมงคล,20230,,
นารินนันท์,ธรกานต์กิตติ,20230,,
พาธินนันท์,พลกานต์กิตติ,20230,,
สาวินดา,สิรสิทธิ์ธีรา,20230,,
ศิธินรักษ์,รชวัฒน์วิชัย,20230,,
พานันดา,พลสิทธิ์กิจ,20230,,
ศิลินกุล,ชยเมธาศิริ,20230,,
กิวินพร,พลภัทรศิริ,22110,,
ราภัคชัย,กฤเรือนมงคล,22110,,
วีลินชัย,สิรบูรณ์มงคล,22110,,
ราสินเทพ,กฤไกรภาณุ,22110,,
สามินรักษ์,รชวัฒน์อนันต์,22110,,
กิภัคดา,วรเมธาภาณุ,22110,,
ศิมินทร์,วรวัฒน์กิตติ,22110,,
นาธีรักษ์,ชยภัทรกิตติ,22110,,
สาสินพร,ศรโชติกิจ,22110,,
รารินภา,สิรเมธาอนันต์,22110,,
วีธินชัย,พลกานต์มงคล,22110,,
กิรัตภา,ศรภัทรภาณุ,22110,,
กิธีเทพ,นภวัฒน์อรุณ,22110,,
พารินชัย,พลไกรอรุณ,22110,,
ลานันกุล,นภภัทรภาณุ,22110,,
วีวินชัย,กฤเมธาศิริ,22110,,
รารัตเทพ,พลไกรกิตติ,22110,,
มิรัตดา,ภรกานต์ภาณุ,22110,,
มินันทร์,ธรเรือนวิชัย,22110,,
ทารัตภา,กฤเมธาภาณุ,22110,,
ทารัตทร์,กฤเมธาศิริ,22110,,
ลาลินนันท์,ภรวัฒน์กิจ,22110,,
ทารินเทพ,ชยโชติธีรา,22110,,
วีสินรักษ์,ภรสิทธิ์มงคล,22110,,
กิสินชัย,กฤภัทรพงศ์,22110,,
ลารัตชัย,ภรกานต์อนันต์,22110,,
ลาธีเทพ,รชวัฒน์กิจ,22110,,
รารัตทร์,ชยเมธาธีรา,22110,,
นามินทร์,กฤกานต์มงคล,22110,,
ศินันพร,พลวัฒน์กิตติ,22110,,
กิสินนันท์,วรเรือนกิจ,22110,,
นาธีกุล,กฤไกรอรุณ,22110,,
มิลินกุล,นภสิทธิ์ศิริ,22110,,
ลาธีพร,ชยบูรณ์ศิริ,22110,,
นาสินสิทธิ์,นภวัฒน์กิตติ,23000,,
พาธีกุล,พลโชติวิชัย,23000,,
พาสินดา,สิรวัฒน์ธีรา,23000,,
กิสินเทพ,กฤเดชอรุณ,23000,,
พาลินนันท์,ธรเมธาพงศ์,23000,,
ศินันนันท์,พลสิทธิ์มงคล,23000,,
ลาธินทร์,วรบูรณ์กิจ,23000,,
ราลินรักษ์,สิรสิทธิ์อรุณ,23000,,
สารินทร์,กฤกานต์ภาณุ,23000,,
ศิภัคชัย,วรวัฒน์อนันต์,23000,,
ศิวินนันท์,ศรวัฒน์ธีรา,23000,,
ศิสินทร์,กฤเรือนภาณุ,23000,,
นาวินกุล,ชยเรือนมงคล,23000,,
ลาธินทร์,ศรโชติอนันต์,23000,,
ลาภัคทร์,ธรเมธาศิริ,23000,,
สารัตกุล,ภรบูรณ์มงคล,23000,,
กิรินนันท์,รชเมธาอนันต์,23000,,
นารัตชัย,ธรเรือนวิชัย,23000,,
พารินภา,สิรเรือนธีรา,23000,,
วีมินเทพ,วรวัฒน์อรุณ,23000,,
ศิสินนันท์,พลเรือนศิริ,23000,,
นารินทร์,ภรสิทธิ์อนันต์,23000,,
ทารัตพร,ภรบูรณ์มงคล,23000,,
กิรินเทพ,วรสิทธิ์วิชัย,23000,,
สารัตทร์,พลเดชพงศ์,23000,,
นามินภา,รชเรือนกิจ,23000,,
นามินเทพ,พลภัทรวิชัย,23000,,
ทารินเทพ,กฤโชติกิจ,23000,,
ลาธินนันท์,กฤสิทธิ์อรุณ,23000,,
ทารินทร์,ชยเมธาอรุณ,23000,,
ลามินพร,ภรกานต์วิชัย,23000,,
มิรินชัย,ภรบูรณ์มงคล,23000,,
ราลินเทพ,รชกานต์กิจ,23000,,
พาธินพร,ธรบูรณ์กิจ,23000,,
พารินกุล,สิรภัทรธีรา,24000,,
ลาสินกุล,วรภัทรวิชัย,24000,,
สาวินพร,กฤภัทรอรุณ,24000,,
วีภัคพร,กฤเมธาวิชัย,24000,,
ศิธีเทพ,ธรบูรณ์มงคล,24000,,
มิรัตชัย,วรภัทรกิจ,24000,,
สาธีภา,ภรกานต์กิตติ,24000,,
ลารัตนันท์,สิรวัฒน์ธีรา,24000,,
ศิลินพร,รชบูรณ์ภาณุ,24000,,
พาธีชัย,กฤโชติกิจ,24000,,
รามินกุล,พลกานต์มงคล,24000,,
กิภัคเทพ,ภรเดชพงศ์,24000,,
มินันพร,นภเรือนอนันต์,24000,,
นาสินสิทธิ์,ชยเมธาวิชัย,24000,,
พานันรักษ์,รชสิทธิ์กิจ,24000,,
วีสินกุล,ภรเรือนวิชัย,24000,,
มิสินทร์,สิรเรือนศิริ,24000,,
กิวินทร์,ธรเรือนอรุณ,24000,,
ทานันเทพ,วรเรือนศิริ,24000,,
วีมินเทพ,สิรเรือนกิจ,24000,,
พาธีชัย,รชกานต์ธีรา,24000,,
กินันทร์,สิรภัทรพงศ์,24000,,
นาสินพร,พลกานต์ธีรา,24000,,
ลามินกุล,รชเมธาอนันต์,24000,,
กิรินกุล,สิรเดชกิตติ,24000,,
วีลินทร์,ศรกานต์วิชัย,24000,,
ทาธินดา,ศรเรือนกิจ,24000,,
ลารินพร,วรวัฒน์กิจ,24000,,
ทาลินกุล,นภเดชวิชัย,24000,,
พาวินรักษ์,วรบูรณ์ศิริ,24000,,
ทามินรักษ์,ศรวัฒน์อนันต์,24000,,
สามินพร,นภเมธาธีรา,24000,,
นามินเทพ,นภเรือนอนันต์,24000,,
ทาวินพร,กฤภัทรพงศ์,24000,,
นาวินทร์,พลภัทรภาณุ,24110,,
ลาธีภา,ภรเมธาพงศ์,24110,,
ศิรินกุล,ชยเรือนธีรา,24110,,
นามินภา,สิรวัฒน์อนันต์,24110,,
มิธินสิทธิ์,กฤบูรณ์พงศ์,24110,,
ลาธินเทพ,ศรกานต์มงคล,24110,,
นาธินดา,ธรบูรณ์อนันต์,24110,,
นาภัคกุล,รชสิทธิ์กิจ,24110,,
ทาวินสิทธิ์,ภรโชติอนันต์,24110,,
พาลินพร,วรสิทธิ์มงคล,24110,,
รานันสิทธิ์,วรภัทรพงศ์,24110,,
พานันเทพ,รชเรือนอนันต์,24110,,
ราธินทร์,กฤกานต์อนันต์,24110,,
สานันนันท์,ธรวัฒน์อรุณ,24110,,
พามินพร,วรเดชอนันต์,24110,,
ทารัตรักษ์,ภรภัทรภาณุ,24110,,
กิวินนันท์,ภรไกรศิริ,24110,,
ศิธินรักษ์,ธรสิทธิ์กิจ,24110,,
ลาธินดา,รชภัทรอนันต์,24110,,
ทาสินรักษ์,วรสิทธิ์พงศ์,24110,,
ราธีพร,ศรบูรณ์ศิริ,24110,,
กิวินรักษ์,พลกานต์ธีรา,24110,,
มิมินกุล,กฤสิทธิ์อนันต์,24110,,
ราสินดา,รชบูรณ์อนันต์,24110,,
ราธินกุล,รชเดชศิริ,24110,,
นาธินพร,สิรกานต์อนันต์,24110,,
ลาสินดา,พลภัทรกิจ,24110,,
ศิวินนันท์,รชกานต์ศิริ,24110,,
รารินดา,กฤวัฒน์อรุณ,24110,,
สาภัคสิทธิ์,ชยวัฒน์อนันต์,24110,,
ลาธินดา,นภเรือนศิริ,24110,,
มิธีภา,กฤสิทธิ์กิจ,24110,,
ทาลินสิทธิ์,ศรไกรธีรา,24110,,
รารัตกุล,นภภัทรมงคล,24110,,
พาสินเทพ,ธรไกรธีรา,24130,,
ลาลินทร์,สิรวัฒน์ศิริ,24130,,
ราลินสิทธิ์,วรกานต์พงศ์,24130,,
สามินภา,ธรบูรณ์ธีรา,24130,,
ศิรัตนันท์,ภรกานต์ธีรา,24130,,
ศิรินชัย,สิรเดชพงศ์,24130,,
ราธินดา,กฤไกรกิตติ,24130,,
ราลินกุล,กฤเมธามงคล,24130,,
ทามินนันท์,ภรเมธาธีรา,24130,,
ศินันเทพ,ภรบูรณ์ธีรา,24130,,
กิธินเทพ,ธรวัฒน์กิจ,24130,,
นาสินทร์,ศรโชติมงคล,24130,,
นาธินเทพ,นภภัทรกิตติ,24130,,
ศิภัคนันท์,ศรเรือนภาณุ,24130,,
ราวินชัย,ภรวัฒน์กิจ,24130,,
สาธินภา,วรเมธาภาณุ,24130,,
ลานันชัย,ศรวัฒน์ศิริ,24130,,
ศิมินนันท์,สิรภัทรธีรา,24130,,
นาลินชัย,วรเดชอรุณ,24130,,
พาลินกุล,พลไกรศิริ,24130,,
สาลินเทพ,พลวัฒน์กิตติ,24130,,
พาสินพร,ศรโชติธีรา,24130,,
พาธีนันท์,ชยเรือนกิตติ,24130,,
วีสินภา,พลเดชกิตติ,24130,,
วีรัตเทพ,นภไกรอนันต์,24130,,
ทามินเทพ,ศรเรือนมงคล,24130,,
พานันรักษ์,วรภัทรอรุณ,24130,,
วีลินชัย,นภบูรณ์ภาณุ,24130,,
มิมินสิทธิ์,วรโชติมงคล,24130,,
วีสินดา,สิรเมธาศิริ,24130,,
ศิธินพร,ธรสิทธิ์มงคล,24130,,
กินันนันท์,รชเรือนกิจ,24130,,
วีรินภา,ธรเมธากิตติ,24130,,
นารินภา,ศรเดชภาณุ,25000,,
ศิลินทร์,ชยบูรณ์อรุณ,25000,,
นารัตเทพ,ชยเดชภาณุ,25000,,
นารินดา,นภเมธากิตติ,25000,,
ลารินดา,วรวัฒน์อรุณ,25000,,
มิธินเทพ,วรเมธาภาณุ,25000,,
มิมินเทพ,ศรกานต์ศิริ,25000,,
ศิมินพร,พลวัฒน์ภาณุ,25000,,
รานันกุล,กฤเดชกิตติ,25000,,
มิสินภา,พลบูรณ์ภาณุ,25000,,
สารัตรักษ์,ธรเรือนภาณุ,25000,,
มิรินพร,ธรภัทรธีรา,25000,,
ทารินเทพ,กฤบูรณ์อรุณ,25000,,
ศิรัตนันท์,กฤเรือนศิริ,25000,,
พาสินภา,สิรกานต์อนันต์,25000,,
มิภัคดา,พลภัทรศิริ,25000,,
สารินพร,ศรเมธาภาณุ,25000,,
ศิธีดา,ภรไกรภาณุ,25000,,
วีภัคภา,สิรเมธาวิชัย,25000,,
ศิรัตชัย,ธรไกรภาณุ,25000,,
พาภัคภา,กฤสิทธิ์อนันต์,25000,,
ทาธีกุล,ชยภัทรศิริ,25000,,
นาธีดา,วรสิทธิ์กิจ,25000,,
วีภัคกุล,ศรวัฒน์กิตติ,25000,,
สาภัครักษ์,นภไกรกิจ,25000,,
ลาธีดา,พลวัฒน์วิชัย,25000,,
ศิวินรักษ์,สิรไกรกิตติ,25000,,
สาวินดา,กฤไกรอนันต์,25000,,
ทารินสิทธิ์,ชยบูรณ์ภาณุ,25000,,
ศินันกุล,ศรเรือนศิริ,25000,,
นามินภา,รชกานต์มงคล,25000,,
สารัตทร์,สิรวัฒน์ภาณุ,25000,,
วีธินทร์,พลวัฒน์ศิริ,25000,,
ทาธินสิทธิ์,ภรบูรณ์ศิริ,25000,,
มิธินนันท์,ศรภัทรมงคล,26000,,
ศิรัตชัย,นภเรือนมงคล,26000,,
นาลินทร์,ชยภัทรอนันต์,26000,,
กิธินทร์,รชเมธาวิชัย,26000,,
รานันทร์,สิรเรือนมงคล,26000,,
นาธินนันท์,รชเรือนกิจ,26000,,
ศิวินรักษ์,สิรเมธาวิชัย,26000,,
วีรินกุล,ชยเรือนศิริ,26000,,
กิภัคกุล,ธรเมธากิจ,26000,,
มิธินสิทธิ์,ศรเดชพงศ์,26000,,
ลาธินชัย,ชยเดชวิชัย,26000,,
พาลินพร,ธรกานต์มงคล,26000,,
มิธีชัย,ชยภัทรอรุณ,26000,,
สาสินดา,วรกานต์ภาณุ,26000,,
นาสินดา,รชโชติวิชัย,26000,,
ลานันภา,นภเรือนธีรา,26000,,
ทานันกุล,ศรวัฒน์วิชัย,26000,,
ราสินชัย,วรบูรณ์มงคล,26000,,
วีธีเทพ,นภไกรวิชัย,26000,,
นาภัคพร,รชเมธามงคล,26000,,
กินันสิทธิ์,กฤโชติมงคล,26000,,
มิภัคนันท์,กฤสิทธิ์มงคล,26000,,
พาภัคพร,ธรโชติกิตติ,26000,,
รานันชัย,สิรเดชวิชัย,26000,,
วีลินพร,ธรภัทรภาณุ,26000,,
ทาวินรักษ์,วรบูรณ์ภาณุ,26000,,
มิธินกุล,วรวัฒน์อรุณ,26000,,
กิธีชัย,นภไกรอนันต์,26000,,
ศิสินนันท์,พลโชติกิจ,26000,,
ราธีดา,ชยสิทธิ์ภาณุ,26000,,
ลาธีสิทธิ์,พลภัทรธีรา,26000,,
กิมินนันท์,ธรกานต์อนันต์,26000,,
วีธินชัย,พลไกรอนันต์,26000,,
สามินนันท์,พลภัทรมงคล,26000,,
กิวินกุล,พลวัฒน์วิชัย,27000,,
ศิรินรักษ์,นภสิทธิ์ธีรา,27000,,
วีรัตรักษ์,พลบูรณ์กิจ,27000,,
สาธินดา,วรกานต์พงศ์,27000,,
นาธินชัย,ศรภัทรภาณุ,27000,,
มิธินกุล,รชไกรมงคล,27000,,
สาธินดา,นภเมธาอรุณ,27000,,
นาวินพร,พลภัทรธีรา,27000,,
พาธินพร,วรวัฒน์กิตติ,27000,,
สานันกุล,ธรโชติอรุณ,27000,,
พาภัคทร์,นภโชติพงศ์,27000,,
ศิรินสิทธิ์,รชกานต์อนันต์,27000,,
วีรัตพร,พลไกรมงคล,27000,,
พาธีชัย,พลไกรอนันต์,27000,,
ศิวินทร์,กฤภัทรกิจ,27000,,
นาลินชัย,ศรบูรณ์อรุณ,27000,,
สานันนันท์,ชยเรือนพงศ์,27000,,
ลานันเทพ,สิรบูรณ์วิชัย,27000,,
นาธีพร,กฤสิทธิ์ธีรา,27000,,
สาธินภา,พลภัทรวิชัย,27000,,
ทารินดา,นภเดชวิชัย,27000,,
วีธีภา,ศรโชติวิชัย,27000,,
ศิภัคพร,ธรบูรณ์อรุณ,27000,,
กิภัครักษ์,ธรไกรวิชัย,27000,,
นานันภา,ชยเดชพงศ์,27000,,
ทารินทร์,นภเมธาศิริ,27000,,
ศิรัตทร์,ชยกานต์วิชัย,27000,,
รารัตดา,กฤเรือนพงศ์,27000,,
รานันชัย,ศรวัฒน์ธีรา,27000,,
นาธีภา,ศรวัฒน์อนันต์,27000,,
วีนันรักษ์,ชยวัฒน์ภาณุ,27000,,
สามินดา,ภรโชติมงคล,27000,,
สานันกุล,ภรเดชศิริ,27000,,
พานันชัย,พลไกรวิชัย,27000,,
ลาลินเทพ,ภรเรือนอนันต์,27120,,
วีสินสิทธิ์,ธรเมธาวิชัย,27120,,
ทารัตนันท์,ศรเรือนธีรา,27120,,
ราธินชัย,ธรเรือนศิริ,27120,,
ราภัคเทพ,พลกานต์วิชัย,27120,,
ราวินดา,พลโชติอรุณ,27120,,
นารินรักษ์,รชไกรกิตติ,27120,,
กิรินนันท์,สิรบูรณ์กิตติ,27120,,
สามินชัย,รชวัฒน์มงคล,27120,,
สานันเทพ,ภรภัทรภาณุ,27120,,
พารัตภา,ศรวัฒน์พงศ์,27120,,
สารัตภา,สิรไกรภาณุ,27120,,
ศิธินเทพ,ธรวัฒน์พงศ์,27120,,
มิสินกุล,ชยเมธาธีรา,27120,,
นาลินรักษ์,ชยสิทธิ์วิชัย,27120,,
ศิสินเทพ,วรวัฒน์มงคล,27120,,
ลาสินกุล,วรเมธาอรุณ,27120,,
มิมินชัย,ภรไกรวิชัย,27120,,
มิธินชัย,นภไกรธีรา,27120,,
สารัตเทพ,ชยภัทรอนันต์,27120,,
นารินภา,สิรเรือนอนันต์,27120,,
กิลินเทพ,ภรวัฒน์ศิริ,27120,,
ลามินชัย,กฤเมธามงคล,27120,,
ทานันเทพ,รชสิทธิ์ธีรา,27120,,
วีรัตดา,วรโชติมงคล,27120,,
มิรินเทพ,ภรเดชภาณุ,27120,,
ทารัตเทพ,กฤเดชธีรา,27120,,
ราสินชัย,วรโชติกิจ,27120,,
ลารัตทร์,สิรภัทรกิจ,27120,,
ศิธีเทพ,ชยกานต์กิจ,27120,,
ศิภัคนันท์,กฤเมธามงคล,27120,,
วีลินสิทธิ์,ภรกานต์อรุณ,27120,,
ทาธีพร,ภรสิทธิ์กิตติ,27120,,
นาสินชัย,ชยบูรณ์กิจ,30000,,
ลาภัคดา,ชยไกรภาณุ,30000,,
พารัตดา,รชสิทธิ์กิตติ,30000,,
สาสินกุล,นภกานต์มงคล,30000,,
สาสินพร,สิรภัทรภาณุ,30000,,
มิลินสิทธิ์,พลภัทรกิจ,30000,,
ลารินเทพ,ชยเมธาอนันต์,30000,,
ทาธีพร,นภเดชมงคล,30000,,
วีภัคทร์,สิรเมธาธีรา,30000,,
พาธีชัย,พลกานต์วิชัย,30000,,
สาภัคเทพ,ธรเรือนธีรา,30000,,
ศิธินเทพ,ชยสิทธิ์อนันต์,30000,,
ทาลินชัย,กฤเดชภาณุ,30000,,
มิมินรักษ์,ภรเมธามงคล,30000,,
ลารัตนันท์,สิรไกรอรุณ,30000,,
ศิมินเทพ,ชยสิทธิ์ธีรา,30000,,
วีรัตชัย,รชภัทรอรุณ,30000,,
ศิสินทร์,กฤสิทธิ์พงศ์,30000,,
วีวินสิทธิ์,ชยเมธากิตติ,30000,,
ศิรินดา,ภรไกรพงศ์,30000,,
ศิมินเทพ,สิรเมธากิตติ,30000,,
นามินพร,สิรเดชพงศ์,30000,,
วีธินภา,ชยสิทธิ์ศิริ,30000,,
นามินสิทธิ์,ศรไกรภาณุ,30000,,
สาลินภา,ชยเดชธีรา,30000,,
กินันดา,สิรบูรณ์พงศ์,30000,,
ลาวินภา,ชยวัฒน์อนันต์,30000,,
ศิวินเทพ,สิรโชติกิตติ,30000,,
ลาลินรักษ์,ธรภัทรธีรา,30000,,
กิรัตภา,วรโชติวิชัย,30000,,
พามินรักษ์,ชยไกรธีรา,30000,,
วีนันพร,ชยสิทธิ์อนันต์,30000,,
ราธีสิทธิ์,กฤโชติกิจ,30000,,
มิธินสิทธิ์,นภวัฒน์กิจ,30000,,
ลานันภา,กฤเมธามงคล,30120,,
นาธีรักษ์,สิรบูรณ์อนันต์,30120,,
นามินดา,กฤบูรณ์อนันต์,30120,,
ราธีเทพ,นภบูรณ์ภาณุ,30120,,
ลานันทร์,พลไกรวิชัย,30120,,
พาสินสิทธิ์,สิรเรือนกิจ,30120,,
ราลินรักษ์,รชวัฒน์วิชัย,30120,,
ศิสินภา,กฤกานต์ธีรา,30120,,
กิมินดา,กฤภัทรภาณุ,30120,,
มิธีเทพ,ภรบูรณ์ธีรา,30120,,
สาธีรักษ์,ธรเรือนพงศ์,30120,,
พารัตทร์,วรเมธาวิชัย,30120,,
กินันรักษ์,รชบูรณ์ศิริ,30120,,
วีสินเทพ,ธรเมธาอนันต์,30120,,
วีมินพร,ภรกานต์อนันต์,30120,,
ลาภัคดา,สิรเดชธีรา,30120,,
ศิธีดา,นภวัฒน์กิจ,30120,,
ศิภัคนันท์,ธรเรือนวิชัย,30120,,
วีธีรักษ์,รชเมธากิตติ,30120,,
ราธีกุล,กฤโชติอนันต์,30120,,
ศิธีชัย,ศรเมธาวิชัย,30120,,
ทาวินรักษ์,สิรกานต์ธีรา,30120,,
วีรินนันท์,วรวัฒน์อนันต์,30120,,
กิภัคชัย,ชยไกรอรุณ,30120,,
ลาภัคดา,ชยโชติอนันต์,30120,,
กิลินกุล,สิรภัทรกิตติ,30120,,
รามินกุล,ศรบูรณ์อรุณ,30120,,
มิมินทร์,กฤโชติมงคล,30120,,
วีรัตเทพ,ศรกานต์พงศ์,30120,,
รารินชัย,ธรบูรณ์พงศ์,30120,,
ลารินเทพ,ชยโชติภาณุ,30120,,
พามินชัย,กฤเมธาศิริ,30120,,
นาธีภา,พลโชติศิริ,30120,,
ทาวินนันท์,สิรบูรณ์กิตติ,30130,,
มิสินภา,ภรกานต์มงคล,30130,,
ลาธีพร,ธรภัทรกิจ,30130,,
นาธินทร์,ภรเรือนพงศ์,30130,,
กิรัตพร,นภภัทรมงคล,30130,,
ทานันสิทธิ์,นภกานต์มงคล,30130,,
ศิธินกุล,ศรกานต์กิจ,30130,,
นาสินภา,ภรไกรมงคล,30130,,
ทานันเทพ,ศรบูรณ์กิตติ,30130,,
ศินันทร์,รชบูรณ์กิตติ,30130,,
นารัตนันท์,รชเรือนกิจ,30130,,
พารัตทร์,ศรไกรกิตติ,30130,,
นาลินภา,วรกานต์ธีรา,30130,,
พาธีชัย,ภรกานต์มงคล,30130,,
นาวินสิทธิ์,ศรเดชมงคล,30130,,
ศิสินกุล,สิรไกรมงคล,30130,,
ศิสินกุล,วรสิทธิ์พงศ์,30130,,
วีธินเทพ,ธรไกรอนันต์,30130,,
ทาสินภา,วรโชติมงคล,30130,,
มิธินสิทธิ์,สิรไกรกิตติ,30130,,
ทาธินเทพ,กฤบูรณ์มงคล,30130,,
กิวินภา,สิรภัทรศิริ,30130,,
วีรัตดา,วรไกรอรุณ,30130,,
รานันกุล,ศรเมธาศิริ,30130,,
นารินสิทธิ์,รชโชติกิตติ,30130,,
สาวินดา,ภรสิทธิ์พงศ์,30130,,
ลาสินภา,นภเรือนกิตติ,30130,,
ราภัคชัย,ศรสิทธิ์กิจ,30130,,
นาธินชัย,วรสิทธิ์มงคล,30130,,
ทาสินรักษ์,กฤไกรธีรา,30130,,
นาธินชัย,วรภัทรกิตติ,30130,,
ทาธีทร์,กฤกานต์ธีรา,30130,,
กิธีภา,นภสิทธิ์กิจ,30130,,
ราธีรักษ์,ภรวัฒน์กิตติ,30140,,
ราภัคชัย,กฤโชติกิตติ,30140,,
ลาลินภา,สิรสิทธิ์กิตติ,30140,,
มิมินภา,สิรโชติธีรา,30140,,
สาธินรักษ์,นภวัฒน์ธีรา,30140,,
วีรัตกุล,ชยเดชอนันต์,30140,,
ลาธินกุล,พลบูรณ์มงคล,30140,,
สาภัคทร์,ชยเมธาพงศ์,30140,,
นานันภา,ธรเมธาวิชัย,30140,,
มิรัตชัย,ธรภัทรมงคล,30140,,
รารินรักษ์,ศรวัฒน์ศิริ,30140,,
กินันนันท์,นภสิทธิ์อนันต์,30140,,
ศิสินทร์,พลเรือนวิชัย,30140,,
กิมินชัย,นภไกรกิจ,30140,,
วีรัตภา,กฤสิทธิ์อนันต์,30140,,
กิมินนันท์,ภรภัทรอนันต์,30140,,
พาลินดา,รชเรือนกิจ,30140,,
ศิลินภา,รชเดชกิตติ,30140,,
ราธินนันท์,พลโชติกิจ,30140,,
กิภัคนันท์,วรโชติศิริ,30140,,
รานันกุล,ศรภัทรพงศ์,30140,,
ราภัคกุล,ธรเดชธีรา,30140,,
ลาลินชัย,ศรเรือนศิริ,30140,,
ลาธีภา,ภรวัฒน์วิชัย,30140,,
สานันพร,ศรกานต์ภาณุ,30140,,
ราภัคเทพ,รชเดชอนันต์,30140,,
กิธีกุล,ชยไกรอรุณ,30140,,
มิรินกุล,ศรโชติศิริ,30140,,
มิวินนันท์,ศรเมธาธีรา,30140,,
กิภัคนันท์,นภบูรณ์ศิริ,30140,,
ทาวินรักษ์,นภบูรณ์อรุณ,30140,,
พารินชัย,ธรวัฒน์ภาณุ,30140,,
ทาวินกุล,ชยบูรณ์มงคล,30140,,
พาธีรักษ์,ศรเรือนศิริ,30190,,
สาธินพร,กฤวัฒน์วิชัย,30190,,
นาภัคชัย,สิรบูรณ์พงศ์,30190,,
สาวินเทพ,ธรสิทธิ์ธีรา,30190,,
รารินชัย,สิรกานต์ศิริ,30190,,
พารินดา,สิรบูรณ์มงคล,30190,,
มิลินกุล,ศรเรือนกิตติ,30190,,
วีธินทร์,วรสิทธิ์วิชัย,30190,,
วีธีพร,ภรสิทธิ์ธีรา,30190,,
สาสินเทพ,พลสิทธิ์กิตติ,30190,,
ศิธินพร,สิรบูรณ์ภาณุ,30190,,
นาวินรักษ์,ภรกานต์ธีรา,30190,,
นามินนันท์,สิรไกรพงศ์,30190,,
ทาสินชัย,ภรไกรกิจ,30190,,
ทาวินสิทธิ์,วรเรือนวิชัย,30190,,
ราสินพร,นภไกรกิจ,30190,,
ทาลินกุล,สิรเรือนภาณุ,30190,,
พาวินรักษ์,ศรไกรมงคล,30190,,
ทาลินรักษ์,ชยวัฒน์มงคล,30190,,
ลานันนันท์,ศรเดชอรุณ,30190,,
ลาสินกุล,วรเมธากิจ,30190,,
วีธีพร,ชยเรือนธีรา,30190,,
รารินนันท์,พลเดชกิจ,30190,,
ทานันชัย,สิรเดชพงศ์,30190,,
ศิลินดา,รชกานต์วิชัย,30190,,
ทามินนันท์,รชวัฒน์ภาณุ,30190,,
ทาภัคดา,พลภัทรธีรา,30190,,
นาวินนันท์,สิรเดชอรุณ,30190,,
พาธินพร,นภเดชศิริ,30190,,
ราภัคดา,รชสิทธิ์กิจ,30190,,
วีธีพร,วรกานต์ศิริ,30190,,
ทามินชัย,ภรกานต์ศิริ,30190,,
พารินชัย,ภรสิทธิ์ธีรา,30190,,
ลาภัคภา,ชยเดชอรุณ,30220,,
ราธีชัย,วรภัทรกิจ,30220,,
วีลินเทพ,รชโชติกิตติ,30220,,
ลานันเทพ,วรกานต์ธีรา,30220,,
พารัตภา,นภเรือนมงคล,30220,,
สาภัคทร์,กฤเมธากิจ,30220,,
ลารัตชัย,รชเมธากิตติ,30220,,
มิภัคเทพ,รชเดชอรุณ,30220,,
ลาวินเทพ,นภภัทรวิชัย,30220,,
มิรัตภา,สิรไกรวิชัย,30220,,
กิธีชัย,สิรเดชศิริ,31000,,
รารินพร,รชเมธากิตติ,31000,,
ลาลินภา,ชยเรือนภาณุ,31000,,
พาสินสิทธิ์,ภรบูรณ์กิจ,31000,,
วีธีภา,กฤกานต์อรุณ,31000,,
ทาสินรักษ์,ศรภัทรกิจ,31000,,
สาธินชัย,รชเมธาธีรา,31000,,
พาธินทร์,วรไกรมงคล,31000,,
ทาสินทร์,ธรเมธาอนันต์,31000,,
มิมินดา,ภรเรือนธีรา,31000,,
สานันกุล,ธรโชติวิชัย,31000,,
กิสินเทพ,วรวัฒน์อรุณ,31000,,
ศิลินกุล,ชยเมธาภาณุ,31000,,
วีรินดา,ธรสิทธิ์ภาณุ,31000,,
รารัตดา,ภรเรือนภาณุ,31000,,
ทาธีรักษ์,รชบูรณ์กิตติ,31000,,
วีนันรักษ์,รชสิทธิ์กิจ,31000,,
กิธินชัย,วรเดชกิตติ,31000,,
สาภัคเทพ,นภเรือนวิชัย,31000,,
ราวินภา,ศรเดชธีรา,31000,,
พาวินภา,ศรสิทธิ์ธีรา,31000,,
วีธีภา,กฤเรือนวิชัย,31000,,
นารินรักษ์,สิรกานต์อรุณ,31000,,
ศิรัตชัย,สิรวัฒน์กิตติ,31000,,
นารัตทร์,นภบูรณ์อนันต์,31000,,
พาภัคสิทธิ์,ธรวัฒน์มงคล,31000,,
มินันเทพ,รชสิทธิ์ธีรา,31000,,
ลาลินเทพ,สิรเมธาอรุณ,31000,,
พารินพร,ศรบูรณ์กิตติ,31000,,
สานันชัย,ศรสิทธิ์กิตติ,31000,,
กิวินชัย,ศรเรือนภาณุ,31000,,
ทาภัครักษ์,ภรวัฒน์ภาณุ,31000,,
สานันเทพ,ชยบูรณ์พงศ์,31000,,
ศิมินเทพ,นภบูรณ์ธีรา,31000,,
ลารัตพร,รชกานต์ศิริ,31110,,
นารินทร์,กฤโชติศิริ,31110,,
สาวินชัย,นภไกรอรุณ,31110,,
นาภัคสิทธิ์,ศรเรือนกิจ,31110,,
สารัตภา,กฤวัฒน์วิชัย,31110,,
กินันนันท์,รชสิทธิ์พงศ์,31110,,
ลาธีรักษ์,รชเดชมงคล,31110,,
มิสินนันท์,กฤโชติธีรา,31110,,
พาวินสิทธิ์,กฤวัฒน์อนันต์,31110,,
วีรัตทร์,นภเมธาพงศ์,31110,,
นาวินสิทธิ์,วรกานต์อนันต์,31110,,
สารัตเทพ,กฤโชติวิชัย,31110,,
พาลินกุล,ธรวัฒน์ธีรา,31110,,
ลาภัครักษ์,สิรเดชวิชัย,31110,,
พารัตดา,สิรไกรกิจ,31110,,
วีภัคพร,ภรบูรณ์ศิริ,31110,,
ราสินสิทธิ์,นภวัฒน์อนันต์,31110,,
พารินชัย,วรกานต์วิชัย,31110,,
นาธินเทพ,สิรบูรณ์ศิริ,31110,,
ลามินชัย,สิรเดชพงศ์,31110,,
ราลินรักษ์,นภไกรกิจ,31110,,
ทาลินชัย,พลโชติมงคล,31110,,
ลาธินภา,กฤสิทธิ์วิชัย,31110,,
ทาธีภา,ชยเมธากิตติ,31110,,
ราสินทร์,กฤภัทรอนันต์,31110,,
กิธินกุล,วรเมธาธีรา,31110,,
ทารัตรักษ์,ชยกานต์พงศ์,31110,,
ทาธีพร,รชเมธากิตติ,31110,,
นานันพร,สิรวัฒน์ธีรา,31110,,
มิภัคภา,พลภัทรมงคล,31110,,
มิลินเทพ,ชยเมธากิตติ,31110,,
พารัตสิทธิ์,วรวัฒน์วิชัย,31110,,
ศินันทร์,ธรโชติกิจ,31110,,
ศิภัคเทพ,ชยไกรมงคล,31110,,
ราธินชัย,ชยสิทธิ์อนันต์,32000,,
สามินสิทธิ์,วรสิทธิ์กิตติ,32000,,
วีสินชัย,ธรบูรณ์พงศ์,32000,,
ศิรินรักษ์,ธรเรือนกิตติ,32000,,
นารินสิทธิ์,พลโชติอรุณ,32000,,
นารัตพร,รชเดชภาณุ,32000,,
ศินันสิทธิ์,นภเมธากิตติ,32000,,
ทาสินทร์,รชกานต์ธีรา,32000,,
ลาธินทร์,ภรไกรกิตติ,32000,,
พารินภา,รชสิทธิ์วิชัย,32000,,
พามินภา,ธรบูรณ์ศิริ,32000,,
สาลินรักษ์,สิรภัทรพงศ์,32000,,
ทานันเทพ,ชยบูรณ์พงศ์,32000,,
พามินกุล,กฤภัทรภาณุ,32000,,
พาธีภา,ชยไกรกิตติ,32000,,
ลาสินกุล,วรโชติกิตติ,32000,,
ราสินเทพ,กฤภัทรภาณุ,32000,,
พาธินดา,พลบูรณ์ศิริ,32000,,
สารินรักษ์,นภเรือนภาณุ,32000,,
วีธินนันท์,ศรเดชภาณุ,32000,,
นารินดา,กฤโชติพงศ์,32000,,
นาธินดา,รชโชติศิริ,32000,,
วีสินชัย,สิรเรือนพงศ์,32000,,
มิธีกุล,นภไกรธีรา,32000,,
มิรัตรักษ์,กฤโชติพงศ์,32000,,
พาธีสิทธิ์,ธรเมธาภาณุ,32000,,
วีรินพร,ธรบูรณ์อรุณ,32000,,
วีธีกุล,สิรเรือนศิริ,32000,,
ทานันดา,วรภัทรภาณุ,32000,,
มิธีพร,ชยบูรณ์ศิริ,32000,,
ศิวินดา,ภรเรือนมงคล,32000,,
กิสินภา,พลกานต์กิตติ,32000,,
พานันภา,ศรเดชภาณุ,32000,,
นาธินกุล,วรเดชกิจ,32000,,
มิลินทร์,รชบูรณ์อรุณ,32110,,
สาสินดา,วรสิทธิ์วิชัย,32110,,
มิสินกุล,กฤเมธาอนันต์,32110,,
กิมินรักษ์,พลภัทรภาณุ,32110,,
พาภัคชัย,กฤโชติพงศ์,32110,,
ลาสินสิทธิ์,รชบูรณ์วิชัย,32110,,
มิรินนันท์,ธรสิทธิ์ภาณุ,32110,,
ราภัคชัย,ธรโชติวิชัย,32110,,
สาธินรักษ์,วรกานต์อนันต์,32110,,
กิธีดา,กฤบูรณ์ภาณุ,32110,,
มิวินทร์,สิรไกรมงคล,32110,,
ราสินภา,กฤเดชมงคล,32110,,
ลาธีพร,ภรวัฒน์อรุณ,32110,,
มิรินพร,นภภัทรธีรา,32110,,
วีมินกุล,นภกานต์ภาณุ,32110,,
กิสินกุล,รชไกรอนันต์,32110,,
รามินดา,วรโชติธีรา,32110,,
ศิรัตรักษ์,วรวัฒน์อรุณ,32110,,
กิรินสิทธิ์,รชภัทรอนันต์,32110,,
มิธีชัย,ธรโชติกิจ,32110,,
สาลินทร์,ภรโชติธีรา,32110,,
มิลินกุล,สิรกานต์ภาณุ,32110,,
ทาวินเทพ,นภภัทรอรุณ,32110,,
วีลินพร,พลเรือนกิจ,32110,,
สารัตเทพ,ภรไกรมงคล,32110,,
พานันกุล,ชยไกรกิจ,32110,,
ทาวินภา,ภรกานต์ภาณุ,32110,,
พารัตสิทธิ์,ศรภัทรวิชัย,32110,,
สาวินพร,สิรเรือนอรุณ,32110,,
มินันดา,กฤภัทรกิตติ,32110,,
กิธีชัย,นภไกรภาณุ,32110,,
รารินรักษ์,วรเมธากิตติ,32110,,
นาลินกุล,ศรบูรณ์ธีรา,32110,,
ทาวินเทพ,ศรโชติอนันต์,32110,,
ทารัตนันท์,วรสิทธิ์วิชัย,33000,,
กิธินรักษ์,วรเรือนกิจ,33000,,
ศิรัตเทพ,กฤโชติอนันต์,33000,,
วีรัตชัย,ศรเมธาอรุณ,33000,,
นารินชัย,ภรสิทธิ์อรุณ,33000,,
นาสินทร์,นภวัฒน์ภาณุ,33000,,
นาสินพร,สิรภัทรอนันต์,33000,,
รารัตทร์,ธรเดชวิชัย,33000,,
พานันพร,พลวัฒน์ศิริ,33000,,
นาธินชัย,ชยบูรณ์อรุณ,33000,,
ทาภัครักษ์,นภเดชมงคล,33000,,
นานันภา,วรบูรณ์พงศ์,33000,,
นาวินสิทธิ์,สิรกานต์มงคล,33000,,
นาภัคทร์,ภรโชติอรุณ,33000,,
พาธีพร,พลภัทรธีรา,33000,,
นาลินดา,ภรภัทรอรุณ,33000,,
พารัตเทพ,รชโชติธีรา,33000,,
มินันกุล,ธรไกรภาณุ,33000,,
นาลินนันท์,ศรไกรอรุณ,33000,,
วีสินสิทธิ์,ธรเดชมงคล,33000,,
กิลินชัย,วรโชติมงคล,33000,,
กิรินสิทธิ์,รชกานต์พงศ์,33000,,
พาธีพร,ศรสิทธิ์พงศ์,33000,,
สาธีทร์,กฤเดชพงศ์,33000,,
ราลินภา,รชวัฒน์มงคล,33000,,
นารัตชัย,นภโชติอรุณ,33000,,
พามินพร,กฤเมธาภาณุ,33000,,
รารัตรักษ์,ภรเมธาธีรา,33000,,
ลาสินภา,ธรเดชกิจ,33000,,
รารินสิทธิ์,ภรไกรกิตติ,33000,,
วีรัตทร์,พลเดชมงคล,33000,,
ทานันกุล,ศรสิทธิ์อรุณ,33000,,
รามินสิทธิ์,ภรเมธากิตติ,33000,,
พาธีภา,กฤวัฒน์อนันต์,33110,,
พาสินเทพ,ศรกานต์กิจ,33110,,
ทาธินสิทธิ์,ภรโชติกิจ,33110,,
ลานันพร,วรภัทรพงศ์,33110,,
กิธินรักษ์,นภไกรกิจ,33110,,
วีรัตชัย,กฤไกรภาณุ,33110,,
ราธินทร์,วรเดชอรุณ,33110,,
วีธีกุล,พลโชติอนันต์,33110,,
วีรัตกุล,ธรเมธาอนันต์,33110,,
ลารัตเทพ,ชยเรือนพงศ์,33110,,
มิรินชัย,รชเมธาอนันต์,33110,,
รานันทร์,รชเดชอรุณ,33110,,
วีนันภา,นภเรือนอรุณ,33110,,
กิลินสิทธิ์,รชเรือนอรุณ,33110,,
กิวินภา,ชยบูรณ์ภาณุ,33110,,
ลารินภา,ชยไกรธีรา,33110,,
ศิสินชัย,กฤไกรวิชัย,33110,,
พานันทร์,สิรสิทธิ์อรุณ,33110,,
ทาสินดา,ธรโชติพงศ์,33110,,
กิรินภา,ธรภัทรวิชัย,33110,,
นาธีกุล,พลบูรณ์ศิริ,33110,,
ทารัตภา,นภเรือนธีรา,33110,,
ราสินเทพ,สิรไกรกิตติ,33110,,
วีสินกุล,รชเดชพงศ์,33110,,
วีนันกุล,รชกานต์พงศ์,33110,,
นาสินทร์,รชสิทธิ์ภาณุ,33110,,
กิวินสิทธิ์,พลเรือนอนันต์,33110,,
ทาวินนันท์,สิรโชติวิชัย,33110,,
ราสินภา,นภวัฒน์ธีรา,33110,,
มิลินพร,กฤไกรอนันต์,33110,,
นานันรักษ์,ศรสิทธิ์กิตติ,33110,,
ลานันสิทธิ์,นภเดชธีรา,33110,,
นาสินพร,ธรกานต์อนันต์,33110,,
ทาภัคนันท์,สิรเรือนมงคล,33120,,
ศิธีดา,พลเดชอนันต์,33120,,
นาสินพร,นภโชติอรุณ,33120,,
นาธีรักษ์,ศรวัฒน์ภาณุ,33120,,
ศิภัคนันท์,กฤภัทรอนันต์,33120,,
กิรินภา,ภรโชติภาณุ,33120,,
ศิธีรักษ์,ชยเรือนกิจ,33120,,
มิภัคทร์,กฤไกรศิริ,33120,,
นาลินดา,ชยบูรณ์ภาณุ,33120,,
มิธินนันท์,พลไกรธีรา,33120,,
สามินนันท์,ศรโชติกิจ,33120,,
ราธินสิทธิ์,นภกานต์ภาณุ,33120,,
ศิมินรักษ์,กฤกานต์วิชัย,33120,,
นานันดา,ชยวัฒน์วิชัย,33120,,
นาวินรักษ์,พลกานต์อรุณ,33120,,
นารัตทร์,รชเดชอนันต์,33120,,
กิภัคสิทธิ์,ศรบูรณ์ภาณุ,33120,,
ลาภัคกุล,ธรวัฒน์ธีรา,33120,,
พาภัคดา,กฤไกรกิจ,33120,,
ราลินพร,รชสิทธิ์ศิริ,33120,,
กิรินกุล,ธรสิทธิ์กิตติ,33120,,
นาธินพร,ภรโชติภาณุ,33120,,
ศิลินนันท์,ธรสิทธิ์กิจ,33120,,
ศิวินเทพ,ธรโชติวิชัย,33120,,
ศิภัครักษ์,สิรเรือนมงคล,33120,,
วีนันสิทธิ์,พลกานต์วิชัย,33120,,
รามินทร์,ธรเมธาภาณุ,33120,,
สาวินดา,วรบูรณ์กิตติ,33120,,
พาวินเทพ,กฤโชติวิชัย,33120,,
กิสินกุล,ภรกานต์อนันต์,33120,,
พาลินดา,วรสิทธิ์วิชัย,33120,,
มินันเทพ,ธรสิทธิ์พงศ์,33120,,
วีธินสิทธิ์,รชสิทธิ์ธีรา,33120,,
กิสินพร,รชเดชพงศ์,33140,,
กิภัครักษ์,นภบูรณ์มงคล,33140,,
นามินชัย,วรวัฒน์ศิริ,33140,,
กิธีนันท์,สิรไกรภาณุ,33140,,
กิมินสิทธิ์,ธรเรือนศิริ,33140,,
มิมินนันท์,พลสิทธิ์อรุณ,33140,,
นาลินนันท์,ธรบูรณ์กิตติ,33140,,
มิธีชัย,ชยบูรณ์วิชัย,33140,,
วีธีชัย,ภรภัทรวิชัย,33140,,
ลาวินกุล,ธรเมธาอนันต์,33140,,
สาวินดา,กฤโชติวิชัย,33140,,
สารัตดา,สิรภัทรวิชัย,33140,,
นาธินสิทธิ์,กฤภัทรภาณุ,33140,,
สาภัคดา,ศรกานต์กิจ,33140,,
สารินกุล,นภโชติกิจ,33140,,
พาสินสิทธิ์,ศรวัฒน์อรุณ,33140,,
กิวินรักษ์,วรวัฒน์ภาณุ,33140,,
มิรินนันท์,นภเมธาพงศ์,33140,,
สารินดา,ศรเมธาธีรา,33140,,
มิสินทร์,รชเรือนธีรา,33140,,
ลาธินทร์,รชเดชกิจ,33140,,
พาวินรักษ์,รชบูรณ์อนันต์,33140,,
ราธีภา,ชยเรือนกิจ,33140,,
วีวินดา,นภบูรณ์กิจ,33140,,
สาวินนันท์,วรภัทรภาณุ,33140,,
ลาลินพร,สิรกานต์ศิริ,33140,,
กิลินภา,กฤเดชอรุณ,33140,,
ทาวินนันท์,พลบูรณ์อนันต์,33140,,
วีวินชัย,วรสิทธิ์มงคล,33140,,
ลารินดา,ธรวัฒน์อรุณ,33140,,
พาภัคภา,ชยโชติศิริ,33140,,
ราภัคดา,พลสิทธิ์กิตติ,33140,,
กินันภา,ภรไกรพงศ์,33140,,
กินันกุล,พลภัทรอนันต์,34000,,
ราลินรักษ์,นภบูรณ์กิจ,34000,,
สามินพร,สิรเดชมงคล,34000,,
นารัตดา,สิรบูรณ์กิจ,34000,,
สาวินชัย,นภภัทรศิริ,34000,,
สาธินสิทธิ์,ศรเดชมงคล,34000,,
ราธินเทพ,ศรสิทธิ์ธีรา,34000,,
ศิรัตชัย,รชไกรกิตติ,34000,,
ทานันรักษ์,รชเมธากิจ,34000,,
มิธีทร์,รชสิทธิ์ธีรา,34000,,
มินันกุล,สิรสิทธิ์กิจ,34000,,
สาธินรักษ์,ศรไกรกิจ,34000,,
ทานันพร,พลโชติพงศ์,34000,,
สานันเทพ,สิรวัฒน์มงคล,34000,,
ศินันรักษ์,นภบูรณ์วิชัย,34000,,
ศิธินเทพ,สิรเดชกิจ,34000,,
ศิมินกุล,ศรวัฒน์พงศ์,34000,,
มิภัคดา,กฤเดชศิริ,34000,,
ลาสินทร์,กฤไกรวิชัย,34000,,
พารินดา,กฤเรือนอนันต์,34000,,
มิสินสิทธิ์,สิรเรือนพงศ์,34000,,
นานันดา,ภรสิทธิ์อรุณ,34000,,
กิวินพร,นภบูรณ์อนันต์,34000,,
ศิภัคกุล,วรเรือนมงคล,34000,,
ทาธีชัย,รชเมธามงคล,34000,,
นาลินรักษ์,กฤกานต์กิจ,34000,,
ลาธินพร,ธรเดชพงศ์,34000,,
ศิมินภา,พลภัทรศิริ,34000,,
นาวินเทพ,ภรกานต์ธีรา,34000,,
พานันภา,วรไกรกิตติ,34000,,
ทาภัคทร์,วรวัฒน์ภาณุ,34000,,
สานันทร์,ภรสิทธิ์กิตติ,34000,,
พาวินเทพ,นภไกรกิตติ,34000,,
วีวินกุล,ภรวัฒน์วิชัย,34110,,
พาสินกุล,ภรเรือนพงศ์,34110,,
พาภัคดา,พลภัทรกิจ,34110,,
พาธินรักษ์,ชยโชติธีรา,34110,,
ศิลินภา,พลไกรพงศ์,34110,,
นาสินดา,ภรวัฒน์ธีรา,34110,,
รารินรักษ์,สิรภัทรอนันต์,34110,,
ลารินเทพ,ธรเรือนกิตติ,34110,,
นาภัคนันท์,นภไกรวิชัย,34110,,
กิมินรักษ์,กฤบูรณ์ศิริ,34110,,
ทาธีทร์,ชยเมธาศิริ,34110,,
ลารัตดา,วรไกรธีรา,34110,,
ศินันดา,ชยโชติธีรา,34110,,
สามินพร,ภรวัฒน์วิชัย,34110,,
กิมินชัย,กฤบูรณ์กิจ,34110,,
ทาลินรักษ์,ภรกานต์วิชัย,34110,,
สารัตกุล,วรเมธาพงศ์,34110,,
พามินชัย,กฤไกรพงศ์,34110,,
ศิรินชัย,นภไกรศิริ,34110,,
ลานันพร,วรไกรวิชัย,34110,,
ศิรัตทร์,ภรไกรกิจ,34110,,
วีมินภา,ชยกานต์ศิริ,34110,,
ทาลินนันท์,สิรสิทธิ์ศิริ,34110,,
สาลินทร์,ภรบูรณ์ศิริ,34110,,
วีรัตรักษ์,พลเรือนอรุณ,34110,,
รานันดา,นภวัฒน์พงศ์,34110,,
สานันพร,ศรสิทธิ์อนันต์,34110,,
พาสินนันท์,พลกานต์ธีรา,34110,,
พาสินพร,ชยวัฒน์กิตติ,34110,,
สามินชัย,ชยเรือนพงศ์,34110,,
สาธีเทพ,ธรกานต์ศิริ,34110,,
กิมินนันท์,วรโชติอรุณ,34110,,
นาธินชัย,นภโชติอนันต์,34110,,
กิธีดา,สิรกานต์ศิริ,34160,,
พาวินเทพ,วรโชติอนันต์,34160,,
นามินชัย,รชบูรณ์กิจ,34160,,
ทารัตเทพ,ชยกานต์อรุณ,34160,,
มิวินกุล,วรภัทรธีรา,34160,,
นาธีสิทธิ์,รชวัฒน์กิตติ,34160,,
ศิลินพร,ภรเรือนอนันต์,34160,,
กิวินภา,วรไกรวิชัย,34160,,
วีรัตกุล,รชวัฒน์กิตติ,34160,,
ทาวินกุล,ศรสิทธิ์อรุณ,34160,,
ทาวินสิทธิ์,ภรวัฒน์พงศ์,34160,,
สาธีสิทธิ์,ธรวัฒน์ธีรา,34160,,
วีนันพร,รชเดชมงคล,34160,,
ลาสินทร์,วรเดชกิจ,34160,,
พาธินรักษ์,ชยสิทธิ์ธีรา,34160,,
นาธินเทพ,ธรภัทรกิจ,34160,,
วีภัคสิทธิ์,ธรโชติอรุณ,34160,,
วีภัคชัย,ภรเรือนวิชัย,34160,,
วีลินสิทธิ์,ชยโชติมงคล,34160,,
มิภัคนันท์,พลบูรณ์วิชัย,34160,,
นาธีดา,สิรเรือนวิชัย,34160,,
ลาธีนันท์,สิรสิทธิ์พงศ์,34160,,
สาภัคทร์,พลเมธาอนันต์,34160,,
สารินกุล,นภสิทธิ์พงศ์,34160,,
ลาวินทร์,รชเดชศิริ,34160,,
กิภัคชัย,วรไกรศิริ,34160,,
วีสินภา,นภไกรอรุณ,34160,,
พารัตเทพ,ศรเรือนพงศ์,34160,,
ศิวินพร,ภรบูรณ์มงคล,34160,,
นาวินนันท์,กฤบูรณ์ศิริ,34160,,
ลาภัคทร์,วรบูรณ์ศิริ,34160,,
พารินภา,นภเมธาภาณุ,34160,,
ศิมินชัย,สิรภัทรศิริ,34160,,
นาวินทร์,ธรวัฒน์วิชัย,34190,,
ลารินกุล,ชยโชติอรุณ,34190,,
ทามินภา,รชกานต์กิตติ,34190,,
พาสินชัย,รชบูรณ์ศิริ,34190,,
พาสินภา,ศรบูรณ์พงศ์,34190,,
ราธีดา,ธรภัทรวิชัย,34190,,
มิรินรักษ์,รชเดชศิริ,34190,,
ลาภัคชัย,ศรภัทรพงศ์,34190,,
นาสินชัย,สิรวัฒน์ภาณุ,34190,,
วีธีภา,ศรบูรณ์ธีรา,34190,,
ทาภัคดา,กฤภัทรพงศ์,34190,,
นาธีเทพ,ชยสิทธิ์กิตติ,34190,,
มิรินทร์,กฤสิทธิ์อนันต์,34190,,
ลาลินดา,สิรเดชกิจ,34190,,
ทาสินกุล,วรโชติศิริ,34190,,
วีธีดา,รชสิทธิ์ศิริ,34190,,
ทานันนันท์,กฤเมธาอนันต์,34190,,
ราธีสิทธิ์,ภรวัฒน์กิตติ,34190,,
ศิธีทร์,วรเมธากิตติ,34190,,
ลาภัคนันท์,กฤบูรณ์ภาณุ,34190,,
ทารัตนันท์,กฤบูรณ์พงศ์,34190,,
มิรินนันท์,ธรสิทธิ์พงศ์,34190,,
พามินกุล,รชสิทธิ์อนันต์,34190,,
มิรินนันท์,ธรเดชพงศ์,34190,,
รานันชัย,ศรเดชกิตติ,34190,,
มิธีนันท์,ชยโชติมงคล,34190,,
ทาธินเทพ,วรวัฒน์วิชัย,34190,,
กิธินนันท์,ศรวัฒน์มงคล,34190,,
รารัตทร์,ธรกานต์ธีรา,34190,,
ลาธีรักษ์,ธรสิทธิ์อรุณ,34190,,
กิธีพร,รชภัทรมงคล,34190,,
นาวินกุล,ศรกานต์อรุณ,34190,,
ศิมินกุล,สิรไกรธีรา,34190,,
สาธินพร,สิรภัทรภาณุ,35000,,
มิมินนันท์,สิรไกรวิชัย,35000,,
ศิธีทร์,ชยไกรกิจ,35000,,
พาธีเทพ,รชเรือนกิตติ,35000,,
ลานันนันท์,รชไกรพงศ์,35000,,
ศิสินเทพ,นภภัทรกิตติ,35000,,
มินันพร,นภโชติกิตติ,35000,,
ศิวินนันท์,วรเรือนกิจ,35000,,
ศิธินรักษ์,ชยเรือนธีรา,35000,,
ศิรินภา,สิรเมธาศิริ,35000,,
ศิสินนันท์,รชกานต์มงคล,35000,,
ทาธินสิทธิ์,พลสิทธิ์พงศ์,35000,,
พามินสิทธิ์,ศรเมธากิตติ,35000,,
ทารัตรักษ์,กฤวัฒน์ธีรา,35000,,
ลามินภา,ชยวัฒน์ธีรา,35000,,
มิลินภา,นภไกรกิจ,35000,,
ราวินดา,ศรบูรณ์กิตติ,35000,,
นาสินกุล,รชกานต์ธีรา,35000,,
มินันทร์,ศรไกรกิตติ,35000,,
วีมินดา,ภรบูรณ์มงคล,35000,,
ศิวินภา,กฤเรือนพงศ์,35000,,
สารินกุล,รชโชติอนันต์,35000,,
สาวินกุล,สิรวัฒน์กิจ,35000,,
กิธินเทพ,นภกานต์อนันต์,35000,,
มิวินชัย,สิรวัฒน์ศิริ,35000,,
รานันพร,สิรเดชกิจ,35000,,
พานันกุล,ศรบูรณ์พงศ์,35000,,
พารัตเทพ,ภรไกรมงคล,35000,,
ศิรัตนันท์,ภรสิทธิ์อรุณ,35000,,
พานันภา,นภโชติอรุณ,35000,,
ทาธินทร์,พลบูรณ์อรุณ,35000,,
มิมินเทพ,ภรวัฒน์ภาณุ,35000,,
นาธินเทพ,วรสิทธิ์กิจ,35000,,
รานันดา,กฤบูรณ์อรุณ,35110,,
ศินันนันท์,นภเรือนมงคล,35110,,
ศินันนันท์,สิรโชติภาณุ,35110,,
วีสินกุล,ศรกานต์มงคล,35110,,
วีนันทร์,รชกานต์พงศ์,35110,,
มิรินกุล,พลภัทรกิตติ,35110,,
กิสินทร์,ภรเดชศิริ,35110,,
ทาสินพร,กฤกานต์มงคล,35110,,
ลานันชัย,พลกานต์กิตติ,35110,,
วีธีทร์,พลไกรอนันต์,35110,,
มิธินสิทธิ์,ภรบูรณ์มงคล,35110,,
ทาวินทร์,ธรเรือนอรุณ,35110,,
ราวินพร,วรโชติกิจ,35110,,
พาสินดา,กฤไกรอนันต์,35110,,
พานันเทพ,รชกานต์พงศ์,35110,,
ทามินภา,นภเดชพงศ์,35110,,
สาธีสิทธิ์,กฤวัฒน์มงคล,35110,,
มิรัตพร,ศรเรือนอรุณ,35110,,
ศิลินกุล,กฤวัฒน์พงศ์,35110,,
วีธีกุล,ภรเมธาธีรา,35110,,
วีลินชัย,วรสิทธิ์ภาณุ,35110,,
ศิธินรักษ์,วรกานต์กิจ,35110,,
วีธีนันท์,กฤเมธาอรุณ,35110,,
กิธินนันท์,นภสิทธิ์ศิริ,35110,,
รารัตดา,ภรเดชศิริ,35110,,
กิมินทร์,ศรกานต์มงคล,35110,,
นารินดา,นภไกรภาณุ,35110,,
พาสินกุล,นภภัทรมงคล,35110,,
วีลินดา,สิรเดชกิตติ,35110,,
กิมินรักษ์,วรเมธามงคล,35110,,
สาลินกุล,กฤเรือนวิชัย,35110,,
ลารินดา,วรเรือนภาณุ,35110,,
กินันกุล,ภรวัฒน์กิตติ,35110,,
มิธินรักษ์,ภรวัฒน์อรุณ,36000,,
กิสินทร์,ศรเมธาพงศ์,36000,,
ลาสินกุล,พลไกรธีรา,36000,,
พาสินเทพ,นภโชติอรุณ,36000,,
ทานันนันท์,วรภัทรธีรา,36000,,
วีภัคนันท์,สิรสิทธิ์ศิริ,36000,,
กิรัตนันท์,นภเมธามงคล,36000,,